theme_name,cafe_name,area,genre_id,price,price_plus,level,time,activity,people_num,barrier,description,,,,,,,,,,,,,,
슈퍼플레이어:PLAYER1,비밀의 화원,혜화,2,44000 ,"2인 : 44,000원 3인 : 60,000원",5 ,60 ,많음,3,비슷,팩맨 게임기에서 팩맨이 사라졌다.....?! 사라진 팩맨을 찾으러 맵속으로 9595!!!,,,,,,,,,,,,,,
대감댁변씨,비밀의 화원,혜화,5,44000 ,"2인 : 44,000원 3인 : 60,000원",4 ,60 ,적음,23,비슷,마님과 좋은 시간을 보내고 잠이 든 변씨! 아뿔싸 벌써 대감님이 돌아오기 한 시간 전! 과연 변씨는 대감님이 돌아오시기 전에 모든 일을 끝낼 수 있을 것인가!,,,,,,,,,,,,,,
비밀의 모험,비밀의 화원,혜화,6,50000 ,"2인 : 50,000원 3인 : 69,000원",4 ,75 ,보통,34,비슷,유명 탐험가 할아버지를 보며 꿈을 키워오던 당신. 돌아가신 할아버지께서 남기신 편지를 발견하게 되는데..,,,,,,,,,,,,,,
엑스튜브,비밀의 화원,혜화,7,44000 ,"2인 : 44,000원 3인 : 60,000원",4 ,60 ,보통,23,자물쇠,"당신은 X튜브를 운영하는 BJ이다. 각종 음식과 제품을 거침없이 디스하는 컨텐츠로 인기가 치솟고있다.하지만 어느 순간 이상한 환청이 들리기 시작한다. 방송을 해야하는 시간은 다가오는데 증세는 더욱 심해진다. 이 상태로 방송을 진행할 것인가, 환청의 목소리를 따라 갈것인가.",,,,,,,,,,,,,,
나이스,비밀의 화원,혜화,8,44000 ,"2인 : 44,000원 3인 : 60,000원",3 ,60 ,보통,23,비슷,몇달동안 집세를 내지 못한 졸업을 앞둔 미대생은 오늘도 집주인의 눈치를 보며 졸업작품을 만들고 있었다. 뜻대로 되지않는 자신의 모습에 깊은 한숨과 함께 손에 들고 있던 조각품을 던져 버리는데…,,,,,,,,,,,,,,
혜화애,비밀의 화원,혜화,9,36000 ,"2인 : 36,000원 3인 54,000원",3 ,90 ,많음,2,장치,진욱과 설아 커플의 첫 데이트. 진욱은 완벽한 데이트를 선물해주기 위해 데이트 코스와 그녀의 정보를 쪽지에 적어왔다.그런데 그녀와 만나기 1분전 준비해둔 쪽지가 보이지 않는다. 진욱은 설아와의 첫 데이트를 무사히 마칠 수 있을것인가.,,,,,,,,,,,,,,
붉은 머리 연맹,이스케이퍼스 1호점,홍대,10,44000 ,"2인 : 44,000원 3인 : 60,000원",3 ,60 ,보통,234,비슷,"가난, 질병, 전쟁과 싸우고 평화 수호를 추구하는 단체. 붉은 머리 연맹.
그들은 과거에 짙은 붉은 머리를 하고, 붉은 색만을 숭배했다.
하지만, 어느 날부턴가 모든 사람들을 수용했고 대부분의 사람들이 연맹에 가입했다.
그들에 대항하는 소수의 사람들은 연맹의 비밀스런 계획을 파헤치려 한다.
조력자는 연맹의 비밀장소를 알아내 주었고 일시적으로 출입하는 방법을 알려준다.
오늘 밤, 우리는 잠입을 하기로 마음먹었다.",,,,,,,,,,,,,,
싸이코메트리(감독판),이스케이퍼스 1호점,홍대,7,44000 ,"2인 : 44,000원 3인 : 60,000원",5 ,60 ,적음,234,장치,"서울에서 일어난 4건의 살인사건은 동일범의 소행으로 판단된다.
그리고 나의 애인은 첫 번째 살인사건의 피해자였다.
살인범을 조사하기 위해 기자생활을 다시 시작하였지만,
치밀하고 주도면밀한 그의 흔적은 찾을 수 없었다.
하지만 익명의 제보자는 그에 대한 정보를 주었고,
그가 집을 비운 틈을 타 집안을 조사하려는 순간.
머리가 아파지며 문 앞에서 정신을 잃었다.
문고리를 잡자, 갑자기 어떤 장면이 보이기 시작한다.
한 번도 경험해보지 못한 상황에 당황할 틈도 없이, 나는 문을 열고 들어간다.",,,,,,,,,,,,,,
싸이코메트리(일반판),이스케이퍼스 1호점,홍대,7,44000 ,"2인 : 44,000원 3인 : 60,000원",4 ,60 ,적음,23,자물쇠,"서울에서 일어난 4건의 살인사건은 동일범의 소행으로 판단된다.
그리고 나의 애인은 첫 번째 살인사건의 피해자였다.
살인범을 조사하기 위해 기자생활을 다시 시작하였지만,
치밀하고 주도면밀한 그의 흔적은 찾을 수 없었다.
하지만 익명의 제보자는 그에 대한 정보를 주었고,
그가 집을 비운 틈을 타 집안을 조사하려는 순간.
머리가 아파지며 문 앞에서 정신을 잃었다.
문고리를 잡자, 갑자기 어떤 장면이 보이기 시작한다.
한 번도 경험해보지 못한 상황에 당황할 틈도 없이, 나는 문을 열고 들어간다.",,,,,,,,,,,,,,
RS ROOM (normal),이스케이퍼스 1호점,홍대,10,44000 ,"2인 : 44,000원 3인 : 60,000원",3 ,60 ,적음,234,자물쇠,"10여년 간 추리, 퍼즐 고수들을 찾고 있던 RS.
마침내 때가 되었고, ESCAPERS에서 빛나는 두뇌를 가진 플레이어를 모십니다.
탈출 시간 기록보다는 탈출 성공여부가 더 중요한 방이며, Normal 과 Hard 를 선택하여 플레이 할 수 있습니다.",,,,,,,,,,,,,,
RS ROOM (hard),이스케이퍼스 1호점,홍대,10,44000 ,"2인 : 44,000원 3인 : 60,000원",5 ,60 ,적음,34,자물쇠,"10여년 간 추리, 퍼즐 고수들을 찾고 있던 RS.
마침내 때가 되었고, ESCAPERS에서 빛나는 두뇌를 가진 플레이어를 모십니다.
탈출 시간 기록보다는 탈출 성공여부가 더 중요한 방이며, Normal 과 Hard 를 선택하여 플레이 할 수 있습니다.",,,,,,,,,,,,,,
서커스:공중그네,이스케이퍼스 1호점,홍대,7,44000 ,"2인 : 44,000원 3인 : 60,000원",3 ,60 ,보통,23,장치,"화려한 조명이 반짝이던 오래된 서커스 공연장
어느 날 공중그네를 타던 서커스 단원이 추락사했다
그녀의 죽음으로 인해 서커스장은 막을 내렸고, 오랜 시간이 흘렀다.
세계 제일의 곡예사를 꿈으로 가지고 있던 당신은
언니의 죽음을 눈앞에서 보았고, 그 꿈을 접게된지도 15년이 흘렀다.
무심코 걷다가 도착한 옛날 그 서커스 공연장은 예전 그대로였다.
하지만 이미 누군가 온건지 서커스장 조명이 켜져있다.",,,,,,,,,,,,,,
LIVE,이스케이퍼스 1호점,홍대,7,44000 ,"2인 : 44,000원 3인 : 60,000원",4 ,80 ,적음,23,장치,"BJ 라이브와 함께 방송하고 싶다면 언제나 찾아와주세요.
라이브 스튜디오의 문은 항상 열려있습니다.

▶공포테마입니다. 임산부는 테마 특성상 입실이 어려울 수 있습니다.",,,,,,,,,,,,,,
네모네모 마믈메는 무슨밀미 밌멌믈까?,이스케이퍼스 2호점,홍대,5,46000 ,"2인 : 46,000원 3인 : 69,000원",3 ,60 ,보통,23,장치,"■GAME START■

* 치마를 입으셨을 때 이용이 불편할 수 있습니다.",,,,,,,,,,,,,,
멍스타그램,이스케이퍼스 2호점,홍대,1,46000 ,"2인 : 46,000원 3인 : 69,000원",3 ,60 ,많음,234,비슷,"""당신은 개를 좋아하시나요?""
당신은 모르는 개들의 은밀한 SNS.
고양이를 더 좋아하셔도 보여는 드릴게요!

* 치마를 입으셨을 때 이용이 불편할 수 있습니다.",,,,,,,,,,,,,,
인생낚시,이스케이퍼스 2호점,홍대,17,46000 ,"2인 : 46,000원 3인 : 69,000원",4 ,60 ,보통,23,비슷,"내 이름은 김낚시
고향에서 검은빛 바다를 보며 생각에 잠겼다.
한 낚시꾼이 다가와 어디까지 낚아봤냐고 물었다.
바다낚시 때 검은수염고래까지 낚아봤다고 했더니,
아직 멀었다며 자신이 낚은 낚시컬렉션을 보여줄테니
자신의 낚시배인 낚낚배에 타라고 했다.
낚낚배는 낚낚소리를 내며 천천히 움직였다.
낚시꾼은 어디갔을까?

*방탈출이 처음이신 경우 진행이 어려울 수 있습니다.
*치마와 힐은 이용시 매우 불편합니다.",,,,,,,,,,,,,,
"만약, 당신이 길을 잃었다면",이스케이퍼스 2호점,홍대,5,46000 ,"2인 : 46,000원 3인 : 69,000원",3 ,90 ,많음,23,장치,"어린 시절을 떠올렸다.
새하얀 도화지를 꺼내 색연필로 바탕을 그렸다.
물감을 짜서 색깔도 입혔다.
하지만 도화지는 계속 새하얀 색이었다.
오늘은 어째서일까
도화지에 그린 그림이 눈에 들어왔다.
그제서야 지금 꼭 해야할 일이 떠올랐다.

* 해당 테마는 야외와 실내에서 진행되는 테마입니다.",,,,,,,,,,,,,,
육식주의자,엑스케이프 홍대점,홍대,7,44000 ,"2인 : 44,000원 3인 : 60,000원",5 ,60 ,적음,34,자물쇠,"미국 플로리다주 마이애미, 여자들이 실종됐다. 오래된 정육점 근처에서 여자들의 비명소리를 들었다는 증언이 나오고 정육점 주인이 수사망에 오른다.
그러나 수사를 진행하던 요원들은 괴한의 습격으로 정신을 잃게 되는데-",,,,,,,,,,,,,,
고요의 기지,엑스케이프 홍대점,홍대,1,44000 ,"2인 : 44,000원 3인 : 60,000원",1 ,60 ,적음,23,비슷,"성공적인 달 탐사를 끝내고 복귀하는 길, 예상치못한 궤도로 접근하는 소행성과의 충돌로 복귀에 필요한 연료 대부분을 잃게 되는데-
망가진 우주선을 수리하여 지구로 돌아갈 수 있을것인가?",,,,,,,,,,,,,,
버지니아 란제리샵,엑스케이프 홍대점,홍대,18,44000 ,"2인 : 44,000원 3인 : 60,000원",3 ,60 ,보통,23,자물쇠,"어두운 슬럼가의 뒷골목. 붉은 빛에 홀린듯 이끌려가니 요란한 분위기를 풍기는 속옷가게가 있다. ""여기에 이런 곳이 원래 있었던가?""
호기심을 안고 입장한 그 곳은 태어나 한번도 겪어보지 못한 별천지 세상인데-",,,,,,,,,,,,,,
녹,엑스케이프 홍대점,홍대,7,44000 ,"2인 : 44,000원 3인 : 60,000원",3 ,60 ,보통,23,비슷,"산제물의 길을 지나면 어둠과 안개가 내려앉은 제사장이 나오고 그 끝에는 악마가 우리를 기다리고 있다.
어둠을 거두고 싶은가? 스스로를 제물로 바쳐 악마와 거래하라-",,,,,,,,,,,,,,
더 다이스 룸,엑스케이프 홍대점,홍대,1,44000 ,"2인 : 44,000원 3인 : 60,000원",2 ,60 ,보통,23,자물쇠,"당신은 선한 사람인가?
평범한 사람이라고 생각하나?
본인도 몰랐던 자신을 만나게 해주도록 하지.
당신은 어떤 선택을 할텐가?",,,,,,,,,,,,,,
그 남자 그 여자,엑스케이프 홍대점,홍대,5,44000 ,"2인 : 44,000원 3인 : 60,000원",3 ,60 ,적음,23,자물쇠,"나는 너를 사랑했고, 너도 나를 사랑했다. 그러나 영원할것 같던 사랑은 오해와 원망으로 빛을 잃고-
우리는 서로의 손을 놓았다. 만약 우리가 그때 다른 선택을 했더라면, 지금 우린 함께일까?",,,,,,,,,,,,,,
소식,뉴 이스케이프 홍대점,홍대,5,50000 ,"2인 : 50,000원 3인 : 75,000원",4 ,75 ,적음,234,비슷,기다려 왔던 소식이 왔어요.,,,,,,,,,,,,,,
조흔남자,뉴 이스케이프 홍대점,홍대,5,50000 ,"2인 : 50,000원 3인 : 75,000원",3 ,75 ,적음,234,비슷,"""미안해. 그냥 좋은 친구로 지내자.""

이번에는 반드시 연애에 골인하겠어!
라고 늘 다짐하지만 항상 거절만 당하는, 그저 사람만 좋은 당신.

대체 난 뭐가 모자란 걸까 ㅠㅠ
반면에, 주변에 항상 이성친구들이 넘치는 저 친구. 대체 비결이 뭘까.??

이제는! 나도! 잘 나가고! 싶다!!!!!",,,,,,,,,,,,,,
리디아의 사자,뉴 이스케이프 홍대점,홍대,10,44000 ,"2인 : 44,000원 3인 : 60,000원",4 ,60 ,보통,34,비슷,"현존 최고의 금화, 리디아의 사자.
그것이 보관되어 있는 건 금고 장인 타앨이 만든 거대한 거인의 금고이다.
리디아의 사자를 얻기 위해 수많은 사람들이 도전했으나 모두 실패했고,
그나마 그에 가장 가까이 간 사람은 다름아닌 나의 감방동료 라이즈...
그의 도움을 받아 거대한 금고를 뚫고 금화에 다다르자!
※성향에 따라서 조금 어려울 수 있습니다. 2/21부터 가이드 추가 예정※
●혼방불가테마",,,,,,,,,,,,,,
얼음이 녹는 온도!,뉴 이스케이프 홍대점,홍대,5,50000 ,"2인 : 50,000원 3인 : 75,000원",3 ,75 ,보통,23,비슷,"남극으로 생태 조사를 떠난 나.
어느 날 갑작스러운 눈보라에 휩쓸려 동료들과 흩어지게 되고...
정신을 차려보니 한 베이스캠프 앞이었다.
이 험한 땅에서 살아남아서 돌아갈 수 있을까??

#지구온난화 #펭하 #남극에서살아남기
#선팔 #맞팔 #좋아요 #좋반 #소통
#뉴이스케이프 #홍대 #방탈출 #문제 #맛집",,,,,,,,,,,,,,
라이크 어 무비,뉴 이스케이프 홍대점,홍대,5,44000 ,"2인 : 44,000원 3인 : 60,000원",4 ,60 ,보통,23,비슷,"영화제작사의 staff""가영""과""도훈""

그들의 영화 같은 사랑이야기가 펼쳐집니다.

●공식난이도는4이지만 분리구간이 있어 느끼는 차이가 다를수 있습니다.
●2인 추천 테마 이지만 공간상으로 4인이상도 가능합니다.
●플레이어간 친밀도가 높을수록 재미도가 올라갑니다.
●치마, 원피스는 일부구간에서 진행이 많이 불편합니다.
●바지를 추천드립니다.

#로맨스 #분리구간주의 #혼방불가 #이성추천
#선팔 #맞팔 #좋아요 #좋반 #소통
#뉴이스케이프 #홍대 #방탈출 #문제 #맛집",,,,,,,,,,,,,,
더 테러 온에어,호텔드코드 홍대점,홍대,14,44000 ,"2인 : 44,000원 3인 : 60,000원",4 ,60 ,적음,34,자물쇠,당신이 있는 곳에서 테러가 일어난다. 폭발물을 제거해 테러를 막아라!,,,,,,,,,,,,,,
57억,호텔드코드 홍대점,홍대,14,44000 ,"2인 : 44,000원 3인 : 60,000원",3 ,60 ,적음,23,자물쇠,서울에 대참사를 꾸미고 있는 국회의원을 찾았다. 국회의원실에 잠입해 비밀관계도를 찾아라!,,,,,,,,,,,,,,
인셉션,호텔드코드 홍대점,홍대,16,44000 ,"2인 : 44,000원 3인 : 60,000원",5 ,60 ,적음,34,자물쇠,대참사를 꾸미고 있는 핵심 인물을 알아냈다. 그의 꿈으로 들어가서 폭발물 해제번호를 찾아라!,,,,,,,,,,,,,,
폰부스,호텔드코드 홍대점,홍대,14,44000 ,"2인 : 44,000원 3인 : 60,000원",5 ,60 ,적음,23,자물쇠,동료들과 가족들이 인질로 잡혀 죽음을 앞두고 있다. 적들의 아지트로 들어가 모두를 구출하라!,,,,,,,,,,,,,,
빨간욕실,호텔드코드 홍대점,홍대,7,44000 ,"2인 : 44,000원 3인 : 60,000원",3 ,60 ,적음,23,자물쇠,아무도 설계를 모르는 살인 호텔의 욕실에 갇혔다. 60분 안에 살인호텔에서 탈출하라!,,,,,,,,,,,,,,
리플레이 < 스트리트 방탈출>,호텔드코드 홍대점,홍대,9,44000 ,"2인 : 44,000원 3인 : 60,000원",3 ,80 ,많음,2,비슷,실종된 친구가 나에게 테이프를 남겼다.,,,,,,,,,,,,,,
키메이커,룸즈에이 홍대점,홍대,1,44000 ,"1인 : 25,000원 2인 : 44,000원 3인 60,000원",5 ,85 ,보통,34,자물쇠,"나는 5주간의 임상시험에 참여했다. 부작용의 가능성이 없고, 단기간에 수고비도 많이 받을 수 있다고 했다. 1주일에 한번씩만 검진을 받으러 오면 된다는 조건까지. 오늘, 최종 검진을 받으러 병원에 들렸다. 늘 그렇듯 이 진료실에는 아무도 없고, 들어왔던 문은 검진이 끝날 때까지 잠겨있을 것이다.",,,,,,,,,,,,,,
RH-X,룸즈에이 홍대점,홍대,10,44000 ,"1인 : 25,000원 2인 : 44,000원 3인 60,000원",5 ,80 ,보통,34,자물쇠,"바깥 공기를 마셔본 것도 언제가 마지막 이였는지도 모르겠다. 어느 날 집으로 침입한 괴한들에 의해 영문도 모른 채 어딘지 모를 연구실에 도착했다. 나에 대한 대우는 왜인지 모르게 극진했지만, 내내 감시를 당하고 무언가를 알아내려는 느낌을 지울 수 없다. 연구원들이 모두 자리를 비우는 틈을 타 이곳에서 나가기로 마음먹었다. 불길한 기운이… 어쩌면 이번이 유일한 탈출 기회가 될 것이라는 강한 예감이 든다.",,,,,,,,,,,,,,
신의 여인들,룸즈에이 홍대점,홍대,10,44000 ,"1인 : 25,000원 2인 : 44,000원 3인 60,000원",3 ,60 ,적음,23,자물쇠,폴란드의 한 수녀원에서 일어난 한 사건. 수녀의 방을 수색하러 들어간 조사원들은 감춰진 수녀원의 비밀에 대해서 알게 되는데…,,,,,,,,,,,,,,
콤마,룸즈에이 홍대점,홍대,4,44000 ,"1인 : 25,000원 2인 : 44,000원 3인 60,000원",2 ,60 ,보통,23,비슷,"1년에 몇 번 없는 이승과 저승의 경계가 가까워지는 날, 환생을 기다리며 영혼들이 잠시 쉬어가는 콤마에 들어서게 되었습니다. 아직 살아있는 당신에게, 영혼들이 무엇인가 할 말이 있나봅니다.",,,,,,,,,,,,,,
뜻밖의 여행,룸즈에이 홍대점,홍대,6,44000 ,"1인 : 25,000원 2인 : 44,000원 3인 60,000원",3 ,60 ,적음,23,자물쇠,"누구나 살면서 이루고 싶은 버킷리스트에 여행이 빠지지 않는다. 아버지와의 관계가 소원해지기 전부터, 나 역시 세계 여행을 꿈꾸고 있었다. 그런데, 내가 꾸던 여행의 꿈이 이렇게 갑자기 시작될 줄은 몰랐다.",,,,,,,,,,,,,,
필활,룸즈에이 홍대점,홍대,15,44000 ,"1인 : 25,000원 2인 : 44,000원 3인 60,000원",3 ,70 ,보통,23,비슷,"19세기 조선, 팔도에서 최고로 손꼽히는 민간 해결사로 유명했단 당신. 어느 날, 날벼락같이 들이닥친 포졸들에게 잡혀 궁 내의 감옥에 갇히게 된다. 무슨 죄로 잡혀온 지도 모르는 당신에게 한 통의 서신이 도착한다.",,,,,,,,,,,,,,
태자귀,룸즈에이 홍대점,홍대,7,44000 ,"1인 : 25,000원 2인 : 44,000원 3인 60,000원",3 ,60 ,적음,23,비슷,나는 태어날 때부터 혼자가 아니었다.,,,,,,,,,,,,,,
뽀득뽀득,룸즈에이 홍대점,홍대,5,44000 ,"1인 : 25,000원 2인 : 44,000원 3인 60,000원",2 ,60 ,적음,23,비슷,우리 아빠는 술만 마시면 맨날 목욕탕에 가자고 한다. 목욕은 정말 싫다,,,,,,,,,,,,,,
골든서클,룸즈에이 홍대점,홍대,13,44000 ,"1인 : 25,000원 2인 : 44,000원 3인 60,000원",4 ,60 ,보통,23,비슷,"누군가에 의해 본부가 공격당한 이후, 우리는 비상사태에 대비한 장소로 이동했다. 희생당한 그들을 술과 함께 추모하던 중, 우리가 해야만 하는 일을 찾았다.",,,,,,,,,,,,,,
우리들의 행복했던 시간,룸즈에이 홍대점,홍대,4,44000 ,"1인 : 25,000원 2인 : 44,000원 3인 60,000원",3 ,60 ,보통,23,비슷,"카페에서 일을 하던 한 남자는, 어느 날 카페로 찾아온 한 여자에게 운명처럼 첫눈에 반하게 되는데…",,,,,,,,,,,,,,
암행,룸즈에이 홍대점,홍대,15,44000 ,"1인 : 25,000원 2인 : 44,000원 3인 60,000원",4 ,70 ,적음,23,비슷,"번개와 같이 관부에 출입함이 야생의 매와 같으며, 잠행 시 복색이 남루해 아무도 그의 신분을 알 수 없다고 하더라.",,,,,,,,,,,,,,
삐릿-뽀,키이스케이프 홍대점,홍대,6,56000 ,"2인 : 56,000원 3인 84,000원",4 ,75 ,보통,23,비슷,삐릿삐리..삐삐…삐…삐리리리리리! 삐리리리릿 삐리리 삐리뽀리 삐릿-뽀!,,,,,,,,,,,,,,
홀리데이,키이스케이프 홍대점,홍대,3,48000 ,"2인 : 48,000원 3인 72,000원",4 ,60 ,많음,23,비슷,오늘은 홀리데이.,,,,,,,,,,,,,,
고백,키이스케이프 홍대점,홍대,17,58000 ,"2인 : 58,000원 3인 : 87,000원",5 ,85 ,많음,34,비슷,아직도 기억나. 널 처음봤던 그 순간. 가만히 서 있는 뒷모습조차 너무나 귀여웠어. 한눈에 알아차렸지. 우린 너무나 잘 맞을 거란 걸. 제대로 시작도 못해보고 널 이렇게 떠나보낼 수 없어.,,,,,,,,,,,,,,
LUCID DREAM (자각몽),솔버 건대 1호점,건대,7,44000 ,"1인 : 28,000원 2인 : 44,000원 3인 : 60,000원",3 ,60 ,적음,234,자물쇠,"현실과 구분이 되지 않는 꿈. 그 안에서 당신은 처음보는 소녀의 부름에 낯선 방에 이르게 된다. 자신을 J라 소개하는 그녀 J는 자신의 이야기를 들어달라 해놓고는 홀연히 사려져버린다. ""J...? 4년 전 연쇄실종사건의 마지막 실종자...J? 단순한 꿈이 아님을 직감적으로 눈치챈 당신은 천천히 방을 둘러보게 되는데....",,,,,,,,,,,,,,
COLD CASE (미제 사건),솔버 건대 1호점,건대,11,44000 ,"1인 : 28,000원 2인 : 44,000원 3인 : 60,001원",5 ,60 ,많음,234,자물쇠,"전대미문의 연쇄실종 사건 그리고 유력용의자로 누명을 쓰게 된 K 세상은 K를 범인이라 하지만, 당사자 K는 아직 풀리지 않은 미제사건이라 말한다. 꿈 속에서 알게 된 지하수로로 다시 돌아가게 된 당신은, 그 곳에서 과거의 흔적을 되짚어 보게 되는데... ‘도대체 여기에 뭐가 있다는 거지...?’",,,,,,,,,,,,,,
THE CAGE (케이지),솔버 건대 1호점,건대,10,44000 ,"1인 : 28,000원 2인 : 44,000원 3인 : 60,002원",4 ,60 ,보통,234,자물쇠,"그의 흔적을 따라 도착한 이 곳. 처음 와보는 곳 이지만, 어딘가 낯설지 않다... 이 곳에서 지독하게 K를 괴롭혀왔던 연쇄실종사건의 진상을 확인하고 이야기의 마침표를 찍어야한다.",,,,,,,,,,,,,,
Dear Marsy(마르시),솔버 건대 2호점,건대,11,48000 ,"2인 : 48,000원 3인 : 66,000원",4 ,75 ,적음,234,자물쇠,"밤하늘, 나를 향해 가장 푸르게 빛나는 저 별... 나는 그에게 '에덴' 이라는 이름을 붙여주었다.",,,,,,,,,,,,,,
이층 복도 끝 화장실,솔버 건대 2호점,건대,7,48000 ,"2인 : 48,000원 3인 : 66,000원",4 ,75 ,보통,234,자물쇠,잠에서 깨어난다. 멍하니 아무 생각도 하지않고 있는 시간이 많아졌다. 내가 간신히 나 스스로 기억해낼 수 있는 것은. 고작 내 이름 세글자 '한경준' 뿐... 몸을 일으키자 탁자에 붙어있는 쪽지 하나와 편지 한 통이 눈에 들어온다.................. (쪽지와 편지 내용은 매장에서 확인 가능합니다.),,,,,,,,,,,,,,
무채색 인간,솔버 건대 2호점,건대,1,44000 ,"1인 : 28,000원 2인 : 44,000원 3인 : 63,000원",5 ,75 ,보통,234,자물쇠,"가까스로 모교를 빠져나오는 한경준. 조금씩 떠오르는 먼 과거의 기억들로 머리가 복잡해져 오던 중, 정문 앞에 수상하게 떨어져있는 일기장 하나를 발견하게 된다.",,,,,,,,,,,,,,
SOUL CHASER - 실종,건대 넥스트 에디션 1호점,건대,10,34000 ,"1인 : 17,000원 2인 : 34,000원 3인 : 45,000원",4 ,90 ,적음,2,장치,,,,,,,,,,,,,,,
썸,건대 넥스트 에디션 1호점,건대,12,44000 ,"1인 : 22,000원 2인 : 44,000원 3인 : 60,000원",3 ,60 ,보통,234,비슷,,,,,,,,,,,,,,,
다시봄,건대 넥스트 에디션 1호점,건대,1,54000 ,"1인 : 27,000원 2인 : 54,000원 3인 : 75,000원",4 ,80 ,보통,234,자물쇠,,,,,,,,,,,,,,,
MONSTER:10800,건대 넥스트 에디션 1호점,건대,3,50000 ,"1인 : 25,000원 2인 : 50,000원 3인 : 69,000원",5 ,70 ,적음,234,자물쇠,,,,,,,,,,,,,,,
B아파트 13동 1313호,건대 넥스트 에디션 1호점,건대,7,44000 ,"1인 : 22,000원 2인 : 44,000원 3인 : 60,000원",3 ,60 ,많음,234,비슷,,,,,,,,,,,,,,,
이불밖은 위험해,건대 넥스트 에디션 1호점,건대,1,44000 ,"1인 : 22,000원 2인 : 44,000원 3인 : 60,000원",3 ,60 ,보통,234,자물쇠,,,,,,,,,,,,,,,
"어제, 그리고 오늘",건대 넥스트 에디션 2호점,건대,1,44000 ,"1인 : 22,000원 2인 : 44,000원 3인 : 60,000원",3 ,60 ,많음,234,자물쇠,,,,,,,,,,,,,,,
Make-up,건대 넥스트 에디션 2호점,건대,10,50000 ,"1인 : 25,000원 2인 : 50,000원 3인 : 69,000원",3 ,70 ,많음,2345,자물쇠,,,,,,,,,,,,,,,
동화나라 수비대,건대 넥스트 에디션 2호점,건대,2,52000 ,"1인 : 27,000원 2인 : 52,000원 3인 : 72,000원",5 ,80 ,보통,2345,자물쇠,,,,,,,,,,,,,,,
빛을 구해줘,건대 넥스트 에디션 2호점,건대,3,44000 ,"1인 : 22,000원 2인 : 44,000원 3인 : 60,000원",4 ,60 ,적음,2345,자물쇠,,,,,,,,,,,,,,,
방탈출 아카데미,건대 넥스트 에디션 2호점,건대,13,44000 ,"1인 : 22,000원 2인 : 44,000원 3인 : 60,000원",3 ,60 ,보통,234,자물쇠,,,,,,,,,,,,,,,
커튼콜,건대 넥스트 에디션 2호점,건대,3,48000 ,"1인 : 24,000원 2인 : 48,000원 3인 : 66,000원",3 ,60 ,적음,2345,자물쇠,,,,,,,,,,,,,,,
악몽,룸엘이스케이프 신림점,신림,7,50000 ,"2인 : 50,000원 3인 : 75,000원",5 ,70 ,보통,234,비슷,"매일 밤 나는 꿈을 꾼다.
 꿈에는 항상 이상하게도 내가 다니던 모교가 나온다. 
꿈을 꾸고 나서는 이상한 일들이 발생한다. 그래서 오늘 나는 주술사와 모교로 찾아간다.",,,,,,,,,,,,,,
아빠...어디가?,룸엘이스케이프 신림점,신림,5,34000 ,"2인 : 34,000원 3인 : 51,000원",3 ,50 ,적음,234,자물쇠,"맞벌이 가정의 남편은 플스 할인광고를 보고 꼭 사겠다고 다짐했다. 
도중에 아내가 집으로 올 일은 없겠지? 
근데...갑자기 불안한 느낌이 드는건 왜일까...",,,,,,,,,,,,,,
METRO,룸엘이스케이프 신림점,신림,7,50000 ,"2인 : 50,000원 3인 : 75,000원",3 ,70 ,적음,234,비슷,"-게임 룰-
죽은 자의 물품을 가지고 죽은 장소에서
자정부터 새벽4시까지
아무런 행동을 취하지 않고 기다리고 있으면
죽은 자와 관련된 걸 볼 수 있다.
잠이 들기 전, 눈을 뜨고 난 후, 밥을 먹을 때도
운전을 할 때도 항상 그날의 일이 생각 난다.
누가 도대체 그녀에게 그런 짓을...
혼자 조사하기 시작했다.
하지만 별다른 성과를 거두지 못했고
나는 하지 말아야 할 행동을 해버렸다.",,,,,,,,,,,,,,
트레져헌터,룸엘이스케이프 신림점,신림,3,50000 ,"2인 : 50,000원 3인 : 75,000원",4 ,70 ,보통,234,비슷,"2240년 모두가 기다리던 타임머신이 완성되었고
사람들은 과거와 미래뿐 아니라 최첨단 과학들을 이용해
다른 행성으로까지 뻗어 나갈 수 있게 되었다.
우리는 TREE2 행성에서 타임머신을 타고
과거 이집트 문명을 탐사하던 중
새로운 문명을 발견하게 된다...",,,,,,,,,,,,,,
살인자의 방,ESC 신림점,신림,7,44000 ,"1인 : 44,000원 2인 : 44,000원 3인 : 57,000원 4인 72,000원",4 ,60 ,적음,23,자물쇠,"당신은 특종이라면 몸을 사리지 않는 행동파 기자.

메스컴이 집중 조명하고 있던 연쇄살인 사건을 조사하던 중
유력한 용의자 P씨의 증거 불충분 처분에 의혹을 제기하게 된다.

기자 생활 중 알게 된 형사 M씨를 통해
용의자에 대한 정보를 입수한 당신은
용의자의 집에 잠입하여 단서를 찾기로 한다.
용의자가 집에 돌아오기까지 남은 시간은 1시간.

당신은 서서히 방문을 들어서게 되는데...",,,,,,,,,,,,,,
그림브라더의 잔혹동화,ESC 신림점,신림,10,44000 ,"1인 : 44,000원 2인 : 44,000원 3인 : 57,000원 4인 72,000원",3 ,60 ,적음,23,자물쇠,"뛰어난 필력으로 많은 이들의 존경을 한 몸에 받는
익명 소설가 ‘그림 브라더’는 원작동화를
모티브로 한 소설을 통해 엄청난 인기를 끌고 있었다.

그는 SNS를 통해 팬들과의 소통에 집착하였고
자신에 대한 엄청난 자부심을 갖고 있는 그는
자신에 대한 단 하나의 비난, 악플에도 극도로 민감해했다.

그런 그는 그를 향한 비난을 일삼는 악플러들을 혐오했고,
자신만의 방식으로 그들에 대한 분노를 은밀하게 표출하였다.

그가 해외에서의 스케줄을 위해 한국을 떠나있던 어느 날,
그의 여자 친구인 당신은 거리에서 우연찮게 그를 보게 된다.

국내에 있을 리 없는 남자친구를 본 당신은 방송관계자와의
통화를 통해 그가 미국에서 유명 프로그램에 출연 중임을 확인하게 된다.

그의 행적과 이전에 있었던 행동들에 수상함을 느낀 당신은
무언가에 끌리듯 그의 빈 집으로 찾아간다.

방금 전에 당신이 본 “그”는 누구였던 것일까...",,,,,,,,,,,,,,
Dead Number,ESC 신림점,신림,7,44000 ,"1인 : 44,000원 2인 : 44,000원 3인 : 57,000원 4인 72,000원",2 ,60 ,적음,23,자물쇠,"경찰관인 당신은 여느 때처럼 새벽 근무를 하고 있었다.

침묵에 잠겨 있던 경찰서에 울려온 여러 통의 전화.
들려오는 것은 치직거리는 TV잡음과 알 수 없는 흐느낌뿐...

석연치 않음을 느껴 위치 추적을 해보니
그곳은 몇 년 전 자살 사건이 있었던 곳.

그곳을 조사하기 위해 조심스레 방 안으로
발걸음을 옮기지만 들어서자 굳게 문이 닫혀버린다.

이곳에서는 어떤 일들이 벌어지고 있는 것일까.",,,,,,,,,,,,,,
헨젤과 그레텔,ESC 신림점,신림,3,44000 ,"1인 : 44,000원 2인 : 44,000원 3인 : 57,000원 4인 72,000원",4 ,60 ,적음,234,비슷,"새어머니에게 버려진 헨젤과 그레텔.

허기진 배를 움켜쥐고 숲 속을 헤매던
남매는 온갖 과자들로 만들어진 집을 발견한다.

상냥한 집주인 할머니는 이들에게 먹을 것과 잘 곳을
제공해주지만 사실은 아이들을 잡아먹는 마녀였던 것!

충격에 빠진 아이들을 묶어둔 채,
식사 준비를 위해 콧노래를 흥얼거리며 집을 나선다.

아이들에게 찾아온 처음이자 마지막 기회!

아이들은 마녀가 돌아오기 전에
마녀의 손아귀에서 벗어날 수 있을까?",,,,,,,,,,,,,,
사라진 카지노,ESC 신림점,신림,10,44000 ,"1인 : 44,000원 2인 : 44,000원 3인 : 57,000원 4인 72,000원",3 ,60 ,적음,24,비슷,"아버지가 행방불명 된지 벌써 1년.

아버지의 빈자리가 익숙해진 평범한 어느 날
검은 양복을 입은 한 남자가 당신을 찾아온다.

의문의 남자가 당신에게 건넨 것은 한 통의 편지.
편지에는 어딘지 모를 주소와 함께
아버지가 마지막으로 남긴 메시지가 담겨 있다.

거대한 음모가 숨겨져 있는
아버지 실종의 비밀을 파헤치기 위해
당신은 편지 속 장소로 향하게 되는데...

그 곳은 다름 아닌 1년 전 폐쇄되었다는 카지노.
누군지 모를 그들이 알아채기 전에
아버지가 남긴 비밀을 찾아 이곳을 빠져 나가야 한다!",,,,,,,,,,,,,,
붉은 방의 하얀 꽃,키이스케이프 명동점,명동,7,44000 ,"1인 : 34,000원 2인 : 44,000원 3인 54,000원",2 ,60 ,적음,24,자물쇠,"암흑가의 중국 호텔.
오랜 기간의 잠복 끝에 삼합회의 기밀 정보를 입수했다.
오늘 밤 ‘붉은 방의 하얀 꽃’을 피운다고 했다.
그러나 도착한 이곳엔 아무도 없다.

이곳에 오래 머물면 목숨이 위험하다.
‘하얀 꽃’이 저버리기 전에 이 방에 숨겨진 비밀들을 파헤쳐야 한다.",,,,,,,,,,,,,,
신비의 숲-고대 마법의 비밀,키이스케이프 명동점,명동,3,44000 ,"1인 : 34,000원 2인 : 44,000원 3인 54,000원",3 ,60 ,보통,24,자물쇠,"여행 중 펍에서 만난 덥수룩한 흰 수염의 노인에게 우연히 듣게 된
이곳의 전설.
멀지 않은 숲 어딘가에 고대 마법 세계로 통하는 문이 있다는 이야
기를 듣고 무작정 출발했다.
드디어 발견한 이곳.
멀리서 들려오는 기괴한 울음소리들.
이제 노인의 말대로 또 다른 세계로 통할 수 있을 것이다!",,,,,,,,,,,,,,
난쟁이의 장난,키이스케이프 명동점,명동,3,44000 ,"1인 : 34,000원 2인 : 44,000원 3인 54,000원",2 ,60 ,보통,3,자물쇠,"생전 한 번도 본 적 없는 곳에서 눈을 뜨게 된 당신. 주변은 각양각 색의 문들로 둘러 싸여 있다.
분명 난쟁이들의 장난이다.
늘 난쟁이들은 신기하고 기발한 생각으로 장난을 치곤 했으니, 이번 에도 분명 당신을 시험하기 위해 방에 가둔 것 같다.
얼른 나가 난쟁이들을 혼내주자!",,,,,,,,,,,,,,
정신병동,키이스케이프 명동점,명동,7,44000 ,"1인 : 34,000원 2인 : 44,000원 3인 54,000원",3 ,60 ,적음,23,자물쇠,"형제간 재산다툼으로 싸움을 한 당신.
싸움 끝에 정신을 잃고 눈을 떠보니 손발이 묶인 채 정신병원에 갇
혀있다.
전 재산을 가로채기 위해 형이 당신을 정신병자로 꾸며 강제로 감
금시킨 것.
하지만 양심에 가책을 느낀 한 간호사가 당신을 탈출을 도우려하
는데..",,,,,,,,,,,,,,
셜록-죽음의 전화,키이스케이프 명동점,명동,10,44000 ,"1인 : 34,000원 2인 : 44,000원 3인 54,000원",3 ,60 ,적음,23,자물쇠,"여느 날과 같이 사건을 해결하고 집으로 돌아온 당신.
집에 들어선 순간 당신은 무언가 잘못되었음을 알아차린다.
누군가가 집 에 침입했었다는 사실을 깨닫고 서둘러 집을 나서려
는 순간 갑자기 울리는 전화 한 통.......

살인마 : 그동안 내가 없어서 심심했지? 자 이제 게임을 시작해볼
까? 크크크....",,,,,,,,,,,,,,
셜록-사라진 무용수,키이스케이프 명동점,명동,10,44000 ,"1인 : 34,000원 2인 : 44,000원 3인 54,000원",2 ,60 ,적음,23,자물쇠,"몇해 전, 유명 발레단의 수석무용수가 실종되었다.
공연을 하루 앞두고 처참히 살해된 채로 발견되어 세간의 충격을 주었던 그 사건.

그런데 1914년 오늘. 또 수석무용수가 실종되었다.
그녀를 구해달라는 익명의 제보를 받고, 셜록은 무용수의 집으로 가게 되는데...
이번에도 구하지 못한다면 살해될 것이 분명하다.

그녀가 어디로 사라졌는지 꼭 밝혀내야 한다!
",,,,,,,,,,,,,,
스토커,키이스케이프 명동점,명동,7,44000 ,"1인 : 34,000원 2인 : 44,000원 3인 54,000원",2 ,60 ,적음,23,자물쇠,"소나기가 오던 날, 정류장에서 비를 피하고 있는 낯선 이에게 우산을 씌워주었다.
그리고 한 달 뒤. 힐이 부러져 넘어졌을 때, 이번엔 다시 마주친 그에게 도움을 받았다.
감사한 마음에 답례로 식사를 대접했는데.... 밥을 먹고 나온 뒤로 기억이 나지 않는다.
정신을 차려보니 이 곳,

나는 그때 그를 도와주지 말았어야 했다.",,,,,,,,,,,,,,
블랙펄-망자의 한,키이스케이프 명동점,명동,3,44000 ,"1인 : 34,000원 2인 : 44,000원 3인 54,000원",3 ,60 ,적음,23,자물쇠,"영원한 젊음을 선사해준다는 보물이 있는 블랙펄 호를 찾아 항해를 시작했다.
항해를 시작한지 3달, 우여곡절 끝에 드디어 블랙펄을 발견했지만 갑자기 폭풍우가 몰아치는데....
블랙펄을 차지하려다 죽어간 망자의 한들을 이겨내고
침몰하는 배에서 신비의 열매를 가지고 무사히 탈출하라!
",,,,,,,,,,,,,,
산장 : 사라진 목격자,키이스케이프 명동점,명동,7,44000 ,"1인 : 34,000원 2인 : 44,000원 3인 54,000원",4 ,60 ,보통,23,자물쇠,"친구와 함께 오르던 산에서 갑자기 쏟아지는 폭설로 길을 잃었다
엎친 데 덮친격으로 큰부상까지 입은 친구.
죽을고비를 넘기며 가까스로 발견하게 된 이 곳,
산장에서 어떻게든 구조요청을 해야 한다.

그런데 여기.....뭔가 이상하다.",,,,,,,,,,,,,,
은밀하게 위대하게,키이스케이프 혜화점,혜화,10,44000 ,"1인 : 30,000원 2인 : 44,000원 3인 54,000원",3 ,60 ,적음,23,자물쇠,"재즈바에서 우연히 알게 된 친구.
나와 비슷한 느낌을 풍기며, 닮은 점이 많다고 생각했다.
그 친구의 자켓의 안주머니에는 항상 자신이 소중히 여긴다는 수첩이 있었는데,
호기심이 많은 나는 친구가 화장실에 간 사이 몰래 수첩을 꺼내봤는데....",,,,,,,,,,,,,,
파파라치,키이스케이프 혜화점,혜화,10,44000 ,"1인 : 30,000원 2인 : 44,000원 3인 54,000원",3 ,60 ,적음,23,자물쇠,"당신은 미래가 촉망되는 톱스타.
남부러울 것 하나 없이 모두의 부러움을 한 몸에 받는 당신이지만, 딱 한 가지 문제점.
당신은 이미 결혼한 사람과 불륜을 저지르고 있다.
이 사실을 대중들이 알게 된 다면 말할 것도 없이 당신은 끝장이다. 그런데 오늘 일이 터졌다.
조심하려고 노력했는데 파파라치에게 현장을 들켰다.
다행히 급하게 도망간다고 파파라치는 지갑이 들어있는 가방을 놓고 도망쳤고,
당 신은 거기서 파파라치의 주소를 발견하게 되는데...

자. 이제 당신은 그의 집으로 가 당신의 불륜현장 사진을 빼내 와야한다.",,,,,,,,,,,,,,
정신병동,키이스케이프 혜화점,혜화,7,44000 ,"1인 : 30,000원 2인 : 44,000원 3인 54,000원",3 ,60 ,적음,23,자물쇠,"형제간 재산다툼으로 싸움을 한 당신.
싸움 끝에 정신을 잃고 눈을 떠보니 손발이 묶인 채 정신병원에 갇
혀있다.
전 재산을 가로채기 위해 형이 당신을 정신병자로 꾸며 강제로 감
금시킨 것.
하지만 양심에 가책을 느낀 한 간호사가 당신을 탈출을 도우려하
는데..",,,,,,,,,,,,,,
셜록-죽음의 전화,키이스케이프 혜화점,혜화,10,44000 ,"1인 : 30,000원 2인 : 44,000원 3인 54,000원",3 ,60 ,적음,23,자물쇠,"여느 날과 같이 사건을 해결하고 집으로 돌아온 당신.
집에 들어선 순간 당신은 무언가 잘못되었음을 알아차린다.
누군가가 집 에 침입했었다는 사실을 깨닫고 서둘러 집을 나서려
는 순간 갑자기 울리는 전화 한 통.......

살인마 : 그동안 내가 없어서 심심했지? 자 이제 게임을 시작해볼
까? 크크크....",,,,,,,,,,,,,,
비밀요원,키이스케이프 혜화점,혜화,10,44000 ,"1인 : 30,000원 2인 : 44,000원 3인 54,000원",4 ,60 ,적음,23,자물쇠,"당신은 낙후된 어느 유럽 국가의 전쟁고아다.
정체불명의 단체에게 거두어져 길러진 당신.
그곳은 세계에서 가장 악명높고 비밀스런 특수요원 단체.
인간이하의 대접을 받으며 오직 임무수행에만 열중할 수 있도록 강력한 정신세뇌와 지옥같은 훈련을 받아왔다.

드디어 오늘.
이 고통을 끝맺을 마지막 테스트가 주어진다!",,,,,,,,,,,,,,
혜화 잡화점,키이스케이프 혜화점,혜화,1,44000 ,"1인 : 30,000원 2인 : 44,000원 3인 54,000원",3 ,60 ,적음,23,비슷,"홀로 딸을 키우기 위해 잡화점을 운영해오던 나.

20여년전 사고로 딸 소영이를 잃은 후,
고향을 떠나 한번도 찾지 않았던 잡화점에 오랜만에 들렀다.

결혼식을 코 앞에 둔 딸을 먼저 떠나보낸 고통의 삶을 정리하기 전

마지막으로 오게 된 이 곳 잡화점은 아직도 딸이 살아 있는듯
온기까지 느껴지는 것 같다.

그 온기에 이끌려 잡화점 이곳저곳 옛추억에 잠겨 살펴보던 중
낡아버린 우체통 뒤편에서 오래된 편지를 발견한다.",,,,,,,,,,,,,,
모자가게의 비밀,비트포비아 대학로점,혜화,3,44000 ,"2인 : 44,000원 3인 : 60,000원",1 ,60 ,적음,23,자물쇠,"“저주를 풀지 못하면, 영원히 노파의 모습으로 살아가야 해..” 모자가게에서 일하며 무료한 하루하루를 보내던 당신에게, 황야의 마녀가 찾아왔다. “주어진 소중함을 모르는 너희에게 젊음은 사치야!” 영문도 모른 채 마녀의 저주로 인해 할머니가 된 당신.거울을 보니 당신은 늙은 노파가 되어있고, 60분 안에 마법을 풀지 못하면 평생 그 모습으로 살아가야 하는데..",,,,,,,,,,,,,,
심야식당,비트포비아 대학로점,혜화,5,44000 ,"2인 : 44,000원 3인 : 60,000원",3 ,60 ,적음,23,자물쇠,"“비밀 소스를 찾는 자, 심야식당의 후계자가 되리라” 도쿄의 번화가, 언제나 사람들로 가득한 밥집이 있다. 바로 내가 일하는 곳, ‘심야식당’ 어느 날 갑자기 찾아온 마스터의 사망소식, 그와 함께 발견 된 유언장. “이 가게의 비밀 소스와, 경영 노하우를 찾는 제자에게 이 가게를 물려주겠다.!” 그 속에 써있는 문구가 나의 승부욕을 자극시켰다. 심야식당의 경영권을 갖기 위해 비밀을 파헤치기로 결심한 나.. 나는 심야식당의 비밀 레시피를 얻을 수 있을까?",,,,,,,,,,,,,,
이일호씨,비트포비아 대학로점,혜화,10,44000 ,"2인 : 44,000원 3인 : 60,000원",3 ,60 ,적음,23,자물쇠,당신은 생명공학기업인 HM Corp.에 다니고 있는 평범한 회사원 이일호씨 평소처럼 출근해서 업무를 보던 중 갑자기 정신을 잃고 쓰러졌다. 정신을 차려보니 손에 수갑이 채워진 채 사무실에 갇혀있다. 그리고 눈에 띈 낯선 서류봉투 Project T? 우리 팀에서 이런 프로젝트가 진행됐었나? 뭔가 수상하다 1시간 안에 진상을 밝혀내 사무실에서 나가야 한다!,,,,,,,,,,,,,,
책 읽어주는 남자,비트포비아 대학로점,혜화,12,44000 ,"2인 : 44,000원 3인 : 60,000원",4 ,70 ,적음,34,자물쇠,"왠지 아무것도 기억나지 않지만 햇살이 너무나도 따뜻한 어느 날, 창 밖을 바라보던 당신에게 낯선 이가 말을 걸어왔다. “안녕하세요?” “…?” 옆을 지나가던 한 간호사가 그 사람은 ‘이야기 들려주는 사람’이라고 소개시켜 주었고, 그는 당신에게 재미있는 이야기를 들려주겠다 했지만 당신은 정중히 거절했다. “후회하지 않으실 거예요. 이건 흥미로운 두 남녀의 이야기랍니다.” 그는 옅은 미소를 머금으며 당신의 말을 무시한 채 이야기를 이어 나가기 시작했다. “그 둘은 따뜻한 햇살이 내리쬐던 어느 날, 지금 우리들처럼 처음 만나게 되었습니다…”",,,,,,,,,,,,,,
잭 더 리퍼,비트포비아 대학로점,혜화,7,44000 ,"2인 : 44,000원 3인 : 60,000원",3 ,60 ,적음,23,자물쇠,"""악명높은 살인마 잭 더 리퍼에게 걸린 이번 희생자가 누구야?"" 이곳은 영국 런던거리, 그러나 사람 그림자도 보이지 않는다. 왜냐고? 흉악한 연쇄 살인마 잭 더 리퍼가 돌아다니기 때문이지. “이번 살인은 60분 뒤, 이 곳에서 하겠다!” 참혹한 살인현장에 다음 예고 살인에 대한 흔적을 남긴 잭 더 리퍼, 남은 시간은 60분, 희생자가 누군지 밝혀 내 그의 악마 같은 행위를 막아야한다. 그의 살인 행위를 막을 수 있는 유일한 희망은 당신 뿐.",,,,,,,,,,,,,,
이런 변이 있나,비트포비아 대학로점,혜화,5,44000 ,"2인 : 44,000원 3인 : 60,000원",3 ,60 ,보통,23,자물쇠,"안나는 남자친구와 곧 1주년을 맞아 깜짝 이벤트를 위해 남자친구 집에 몰래 들어왔다. 배가 고파서 현관에 있는 케익을 집어 먹었는데, 상했는지 갑자기 배에서 신호가... 화장실에서 볼일을 마치고 물을 내리려 하는데... 내려가지 않는다! 남자친구가 한 시간 후 집에 도착한다고 연락까지 온 상황! 이 인생 최대의 위기를 벗어나야 한다!",,,,,,,,,,,,,,
지금 만나러 갑니다,비트포비아 대학로점,혜화,7,44000 ,"2인 : 44,000원 3인 : 60,000원",3 ,60 ,보통,23,비슷,경찰공무원 시험 준비생인 나. 매일 지나다니는 익숙한 학원. 그 건너편 2층 카페의 훈남 오빠에게 사랑에 빠져있다. 오늘은 경찰고시 결과 발표날. 합격만 하면 꼭 고백하고 말거야! 지금 만나러 갑니다. ※ 후반부에 선택적으로 하드모드 추가 진행이 가능합니다. 하드모드 선택 시 문제가 추가되며 난이도는 아주 어려운 모드로 전환됩니다.,,,,,,,,,,,,,,
사라진 그녀,비트포비아 사라진 그녀,동대문,10,50000 ,"2인 : 50,000원 3인 : 75,000원",5 ,75 ,보통,345,자물쇠,"“제 아내가 사라졌어요…” 행복한 신혼생활을 즐기던 은행원 P씨, 어느 날 퇴근 후 집에 돌아오니, 급하게 챙겨 나간 흔적만이 있을 뿐… 불길한 마음에 아내에게 전화해 보지만, 없는 번호라는 응답만이 돌아온다. 갑자기 사라진 아내를 찾기 위해 P씨는 포비아 흥신소에 도움을 청하게 되고, 첫번째 임무로, 갓 입사한 신입 탐정인 당신이 이 사건을 맡게 되었다. 수소문 끝에 그녀에 대한 단서가 있다는 제보를 받고 동대문 역사문화공원역을 찾아왔다. 그녀는 과연 누구였을까? 그녀의 정체에 다가갈수록 충격적인 진실들이 밝혀지기 시작하는데… ※ 본 퀘스트는 지하철역 동대문역사문화공원역에서 시작됩니다. (예약시간에 맞추어 모든 팀원이 역 근처에서 대기하시면 됩니다.) ※ 예약자에게 전송되는 문자 메시지로 게임이 시작되니, 이 점 유의바랍니다. ※ 문자 메시지가 전송되는 시점으로부터 75분 간의 시간이 주어집니다.",,,,,,,,,,,,,,
봉봉카페,이수케이프,이수,4,36000 ,"1인 : 25,000원 2인 : 36,000원 3인 48,000원",3 ,50 ,적음,23,자물쇠,"알바를 하러 찾아간 골목길 끝 어느 한적한 카페. 커피향만 공간을 가득 채우고 아무도 없다. ... 잠깐, 주인도 없는데?",,,,,,,,,,,,,,
문제적 이수 (오리지널),이수케이프,이수,17,42000 ,"1인 : 30,000원 2인 : 42,000원 3인 57,000원",5 ,60 ,적음,23,자물쇠,내가 이해가 안 돼서 그러는데 다시 한 번 설명해 봐. 그러니까 내가 오늘 여기에... 왜 왔다고?,,,,,,,,,,,,,,
문제적 이수 (순한맛),이수케이프,이수,17,42000 ,"1인 : 30,000원 2인 : 42,000원 3인 57,001원",4 ,60 ,적음,23,자물쇠,내가 이해가 안 돼서 그러는데 다시 한 번 설명해 봐. 그러니까 내가 오늘 여기에... 왜 왔다고?,,,,,,,,,,,,,,
LOST KINGDOM : 잊혀진 전설,비트포비아 강남던전,강남,6,50000 ,"2인 : 50,000원 3인 : 75,000원",3 ,60 ,많음,23,비슷,"전설 속의 왕국, 아틀란티스는 과연 존재하는가?
가문 대대로 아틀란티스에 관한 고고학 연구를 지속하고 있는
키스콥 가문의 고고학자인 당신은 어느날 발신인을 알 수 없는 편지를 받게된다.
실마리를 따라 도착한 곳은 버뮤다 해협에 있는 한 무인도의 좁은 동굴이었다.
그곳에 도착한 당신은 동굴 안을 좀 더 자세히 살펴보기로 하는데…",,,,,,,,,,,,,,
강남목욕탕,비트포비아 강남던전,강남,5,50000 ,"2인 : 50,000원 3인 : 75,000원",2 ,60 ,많음,23,비슷,"""한 번 들갔다 나오면 무조건 100% 피로가 회복되는 1인 강남목욕탕""
중요한 경기를 앞두고 완벽한 컨디션 관리를 위해서 강남목욕탕에 방문했는데,
아뿔사! 오늘이 강남목욕탕 휴일이라니…
이대로 돌아갈 수 없다.
어떻게든 들어가서 최고의 컨디션을 만들어 나와야 한다!",,,,,,,,,,,,,,
대호시장 살인사건,비트포비아 강남던전,강남,10,50000 ,"2인 : 50,000원 3인 : 75,000원",4 ,60 ,많음,23,비슷,"대호 시장에 위차한 집에서 한 남자의 사체가 발견된다.
사인은 손목의 상처로 인한 과다출혈이었고,
사체의 곁에서 유서가 발견되었기에 자살이라 보였다.
하지만 이 사건이 단순한 자살이 아닌
교묘하게 계획된 살인이 아닐까 의구심이 들기 시작한 당신은
강력반 동료들과 함께 피해자와 관련된 사람들을 용의자로 지목해
본격적으로 수사를 진행하기 시작하는데…",,,,,,,,,,,,,,
마음을 그려드립니다,비트포비아 강남던전,강남,1,50000 ,"2인 : 50,000원 3인 : 75,000원",3 ,60 ,많음,23,비슷,감정의 색을 모아 당신의 마음을 그려드립니다.,,,,,,,,,,,,,,
월야애담,키이스케이프 강남점,강남,12,46000 ,"1인 : 40,000원 2인 : 46,000원 3인 : 66,000원",3 ,60 ,보통,23,비슷,"돌쇠야. 나 덕유라네. 
소식들었는가. 
오늘 우리 아버님이 나를 불러서 말씀하시길 
 돌쇠 네가 모시는 최대감님댁 아씨 복녀와 정혼을 하기로 정해졌다는구나 
 너도 잘 알고 있듯 나는 우리 다람골의 최고 미인 점순이를 마음에 두고 있지않나. 
그러니, 오늘 밤에 나에게 최대감님댁에 몰래 들어갈 수 있는 방법을 알려줄 수 있겠는가. 
그리하면 돌쇠 너의 도움을 절대로 잊지 않을테니... 
내일 아침 우리의 혼례를 알리는 방이 붙기 전 내가 직접 들어가서 손을 좀 쓰려 하니 들어가는 방법만 알러주면 되네 
 부탁하네!!",,,,,,,,,,,,,,
살랑살랑 연구소,키이스케이프 강남점,강남,4,46000 ,"1인 : 40,000원 2인 : 46,000원 3인 : 66,000원",3 ,60 ,보통,23,비슷,"사랑만 하기에도 부족한 세상. 
지금, 당신은 사랑을 하고 있나요? 
세상에는 정말 많은 종류의 사랑이 있죠. 
연인과의 사랑, 부모와 자식간의 사랑, 형제자매의 사랑, 친구들과의 사랑.. 
살랑살랑연구소는 이런 모든 사랑을 세상에 널리 퍼트려서 서로가 사랑하는 세상을 만들고자 설립되었습니다. 
살랑살랑 불어오는 봄바람처럼 살랑살랑 연구소와 함께라면 여러분도 사랑을 찾으실 수 있을거에요. 
사랑에 관한 모든것을 도와드립니다. 
그럼 오늘도 출근해볼까요?",,,,,,,,,,,,,,
그카지말라캤자나,키이스케이프 강남점,강남,5,46000 ,"1인 : 40,000원 2인 : 46,000원 3인 : 66,000원",3 ,60 ,보통,23,장치,"김모씨(전직 프로악플러) 

한때, 제 아이디만 봐도 모르는 사람이 없을 정도로 여기저기 악플을 달고 다녔어요. 
그런데 그날...다시는 생각하고 싶지 않지만 아직도 생생하게 기억나요... 
신나게 악플을 달며 어그로를 끌고 있는데 뜬금없이 이상한 댓글이 달렸더라구요. 
 ""자꾸 악플달면 탄광으로 보내버린다.""
헛소리 오졌다 탄광같은 소리하네 라고 가볍게 무시하고 하던 대로 열심히 악플 달고 있었더니 댓글이 하나 더 달리더라구요. 

 """"그카지 말라캤자나 ㅋ"""" 

그때 그만 뒀어야 했는데...하아... ",,,,,,,,,,,,,,
이자카야 츠이오쿠,마스터키 강남점,강남,4,44000 ,"2인 : 44,000원 3인 : 60,000원",2 ,60 ,많음,23,비슷,"매일 반복되는 쳇바퀴 같은 삶.
매일 반복되며 마주치는 수많은 사람들.
그리고 그 속에서 지쳐가는 당신.

여기 당신의 지친 마음을 위로해 줄,
단 하나의 이자카야가 있습니다.

추억의 음식을 만들어 드립니다.
당신의 추억을 요리해드립니다.

지친 당신을 위한,
세상 단 하나 뿐인 이자카야.

이자카야 츠이오쿠로 당신을 초대합니다.",,,,,,,,,,,,,,
히로인,마스터키 강남점,강남,7,44000 ,"2인 : 44,000원 3인 : 60,000원",3 ,60 ,보통,23,자물쇠,"너무나도 사랑스럽고 아름다운 그녀.
그런 그녀를 미치도록 사랑했던 한 남자.

그녀를 향한 사랑이 잘못된 방향으로 표출되고 마는데..

현실을 받아들이지 못한 채,
이상한 행동들을 하는 그 남자.

도대체 그에게는 어떤 일이 있었던 걸까?

＂ 마음 속 단 한 명의 히로인.
우리가 영원할 수 있는 방법은, 이 방법 밖엔 없어.
오늘부터 우린 영원히 함께야…"" ",,,,,,,,,,,,,,
메르헨 수호대,마스터키 강남점,강남,6,50000 ,"2인 : 50,000원 3인 : 69,000원",4 ,70 ,많음,234,자물쇠,"아기자기하고 사랑스러운 동화들로 이루어진 메르헨 월드.

하지만 갑작스럽게 메르헨 월드에 검은 그림자가 들이닥치고..

누군가가 메르헨 월드를 뒤죽박죽으로 만들고 있다!

메르헨 수호대의 수호대원인 여러분!
어지럽혀진 메르헨 월드를 원래대로 되돌려 놓아야만 한다!

메르헨 월드의 평화를 위해!
메르헨 수호대! 출동! ",,,,,,,,,,,,,,
"도시괴담 Part.1 ""The Day of Horror""",마스터키 강남점,강남,7,44000 ,"2인 : 44,000원 3인 : 60,000원",3 ,60 ,보통,23,비슷,"어느 날 우연히 보게 된 신문기사.

음력 1월 16일 ‘귀신날’..

이 날 자정이 가까운 시각에 돌아다니게 되면,
귀신에 홀리게 된다고 하는데..

미신이나 무속신앙이라고 우습게 넘겼지만,
그래도 왠지 꺼림칙한 느낌을 떨쳐낼 수가 없다.

음력 1월 16일 자정..

그녀가 나타난다. ",,,,,,,,,,,,,,
토끼와 거북이,마스터키 강남점,강남,5,44000 ,"2인 : 44,000원 3인 : 60,000원",2 ,60 ,많음,2,비슷,"육상계의 슈퍼스타 마라토너 [산토끼]와,
정체불명의 [거북이]가 펼치는

 자존심을 건 마라톤 대결

 하지만, 이 대결 속에는
 뭔가 심상치 않은 어두운 계획이 숨겨져 있었다

 과연 우리의 슈퍼스타 [산토끼]는
 이 계획을 파헤치고 무사히 돌아올 수 있을 것인가 ",,,,,,,,,,,,,,
음대출신 김수학,머더파커 건대점,건대,8,44000 ,"2인 : 44,000원 3인 : 60,000원",3 ,60 ,적음,23,자물쇠,"버클리음대 출신, 지금은 망해가는 작은 악기사를 운영중인 우리 아빠 김수학. 아저씨들이랑 고스톱 치러 간다고 나한테 가게를 잠깐 보고 있으라고 했다. 아빠가 오시기 전에 오천원만 훔쳐서 PC방 가야지. ",,,,,,,,,,,,,,
파커4,머더파커 건대점,건대,14,54000 ,"2인 : 54,000원 3인 : 75,000원",5 ,80 ,보통,4,자물쇠,살인마 파커에게 잡혀 온 네 명의 사람. 당신은 이 곳을 탈출해 파커에게서 벗어나야한다. ,,,,,,,,,,,,,,
우리 꼰대 진분홍,머더파커 건대점,건대,14,44000 ,"2인 : 44,000원 3인 : 60,000원",3 ,60 ,적음,23,자물쇠,할아버지댁에 심부름을 갔다가 집으로 향하던 중... ‘어라? 내 폰 어딨지?’ 헐... 휴대폰을 두고 와버렸다. 친구들한테 카톡으로 할아버지 꼰대라고 엄청 해놨는데... 폰 잠금도 안 해두고 말이다. 할아버지가 집에 오시기 전에 빨리 폰을 찾아 나와야 한다. ,,,,,,,,,,,,,,
여행,머더파커 건대점,건대,6,50000 ,"2인 : 50,000원 3인 : 66,000원",3 ,70 ,많음,23,자물쇠,"허구헌 날 술만 마시고, 늦게 들어오고, 집안일은 나 몰라라하는 남편. 이제 더이상은 못 참겠다. 기필코 오늘은 떠날거야. ",,,,,,,,,,,,,,
꽁노리,머더파커 건대점,건대,7,44000 ,"2인 : 44,000원 3인 : 60,000원",2 ,60 ,보통,23,자물쇠,이따 병후니랑 지후니랑 꽁을 차기로 햇따. ,,,,,,,,,,,,,,
어은꿈이진루다,머더파커 건대점,건대,5,44000 ,"2인 : 44,000원 3인 : 60,000원",3 ,60 ,많음,23,자물쇠,나는 방탈출 제작자. 테마 오픈이 코앞이라 오늘도 재촉전화가 왔다. 하...어떡하지? 문제가 생각이 안 난다. 일단 집에 가서 한숨 자고 생각해볼까? ,,,,,,,,,,,,,,
거상,싸인이스케이프,홍대,15,52000 ,"2인 : 52,000원 3인 : 78,000원",4 ,75 ,보통,23,비슷,어린 시절부터 여리꾼으로 일하던 당신. 이제 시골 마을을 벗어나 자신의 뜻대로 거상이 되리라.,,,,,,,,,,,,,,
졸업,싸인이스케이프,홍대,1,46000 ,"2인 : 46,000원 3인 : 66,000원",4 ,65 ,적음,234,비슷,이번에는 꼭 졸업시험에 통과하게 해주세요. 꼭이요 ㅠㅠ,,,,,,,,,,,,,,
CIA본부에서의 탈출,서울이스케이프룸 2호점,홍대,14,56000 ,"2인 : 56,000원 3인 84,000원",4 ,75 ,많음,4,비슷,"아버지의 여행일지에 적혀있던 페루, 중세 이탈리아, 미국 CIA 본부 중에서 당신은 평소 영화에서나 봐왔던 미국 CIA 본부에 가보기로 한다.",,,,,,,,,,,,,,
아마존의 잃어버린 도시,서울이스케이프룸 2호점,홍대,6,56000 ,"2인 : 56,000원 3인 84,000원",4 ,75 ,많음,34,비슷,"약 한 시간 후면 타임포털이 자동으로 닫히고 그때는 돌아갈 방법이 없다. 그 안에 이 배낭 안의 물건들을 사용해 어떻게든 아버지의 흔적을 찾고 아마존에서 탈출해야 한다. 1988 자취방에서 읽은 일기에 의하면 이곳에서 아버지는 고대 잉카인들이 만들어놓은 황금의 도시를 찾았다던데, 아버지는 그곳에 있는게 아닐까? 과연 나도 고대 잉카제국의 도시를 찾을 수 있을까?",,,,,,,,,,,,,,
베니스 상인의 저주받은 저택,서울이스케이프룸 2호점,홍대,6,48000 ,"2인 : 48,000원 3인 : 72,000원",3 ,60 ,보통,34,비슷,"스스로 개발한 타임머신을 타고1988년 아버지의 자취방에 찾아간 당신. 비록 아버지를 만날 수는 없었지만, 방 안에서 찾은 단서들을 쫓아 시간여행을 계속하기로 결심한다. ",,,,,,,,,,,,,,
죽음을 부르는 재즈바,서울이스케이프룸 1호점,강남,7,48000 ,"2인 : 48,000원 3인 : 72,000원",4 ,60 ,적음,23,장치,"떨리는 당신 손에, 편지가 쥐어져 있다. 거의 1년전, 평생 잊지못할 그날 살인자 의 방 404호에서 보았던 그놈의 필체와 똑같은 글씨다. 당신에게 끔찍한 살인 누명을 뒤집어씌우고 홀연히 사라진 ‘살인마 X’가 당신에게 편지를 보내온 것이다.",,,,,,,,,,,,,,
탈출하라 1988,서울이스케이프룸 1호점,강남,16,48000 ,"2인 : 48,000원 3인 : 72,000원",3 ,60 ,보통,23,비슷,"때는 약 30년전.. 바로 서울이 세계의 중심이 되어 올림픽을 개최했던 1988년! 과연 아버지를 만날 수 있을까? 아니, 만나도 되는 것일까? 1988년의 서울은 대체 어떤 모습이었을까?",,,,,,,,,,,,,,
알카트라즈 지하감옥,서울이스케이프룸 1호점,강남,7,48000 ,"2인 : 48,000원 3인 : 72,000원",3 ,60 ,많음,234,장치,"억울한 살인사건에 대한 누명을 쓴 당신은 결정적인 증거앞에 결국 무기징역을 선고 받고 말았 다. 당신이 가게될 곳은 ‘수감자들의 종착역’ 이라고 불리우는 세계 최악의 감옥, ‘알카트라즈’.. 멀리 외딴 섬에 떨어진 ‘알카트라즈’에 도착해서도 연쇄살인마로 몰린 당신은 최악의 흉악범들 만 간다는 지하 감옥에 갇히게 되었다.",,,,,,,,,,,,,,
유럽횡단 야간열차,서울이스케이프룸 1호점,강남,10,48000 ,"2인 : 48,000원 3인 : 72,000원",4 ,75 ,적음,234,비슷,"종점을 향한 최종 탑승 인원은 총 7 명. 당신은 그 중 한명이 바로 2 년전 세상에 엄청난 파장을 일으키고 사라졌던 연쇄살인마 X 라는 정보를 입수하고는, 중년의 여행객으로 신분을 위장한 채 중간에 열차가 경유하는 역에서 탑승했다. 사실 국제형사경찰기구(인터폴)의 형사인 당신은, 지난 2 년간 살인마 X 를 잡기 위해 ‘404 호 살인사건’ 부터 ‘알카트라즈 지하감옥’, ‘회장님의 서재’, ‘유러피안 스파이’ 등 과거 유명 사건들의 자료를 섭렵해왔다.",,,,,,,,,,,,,,
얼어붙은 물의 신전,코드케이 강남점,강남,3,44000 ,"2인 : 44,000원 3인 : 60,000원 4인 : 76,000원",3 ,60 ,보통,23,비슷,"엘리오스를 모험하던 중 만난 갑작스러운 산사태로 인해 기절한 당신. 눈을 떠보니 알 수 없는 동굴에 갇혀있다. 뼛속까지 스며드는 한기와 멀리서 들려오는 정체불명의 울음 소리. ""그런데… 도대체 너희는 이 곳을 어떻게 들어온거야, 퓨?""",,,,,,,,,,,,,,
충무공 이순신,코드케이 강남점,강남,15,44000 ,"2인 : 44,000원 3인 : 60,000원 4인 : 76,000원",3 ,60 ,보통,23,비슷,"""이번 해전은 가장 힘든 전투가 될 것이다.
 이순신 장군의 수하 장수가되어 직접 전쟁에 참여하라.
 거북선에 승선하여 꼭 승리하라""",,,,,,,,,,,,,,
미스터리 거울의 방,코드케이 강남점,강남,7,44000 ,"2인 : 44,000원 3인 : 60,000원 4인 : 76,000원",4 ,60 ,보통,234,비슷,"친구들과 함께 등산을 하던 중 갑자기 내려진 폭우!
 날씨는 어두워지고 멀리서 보이는 한줄기 빛!
 그 빛줄기를 따라가니 작은 폐허가 한채 있다.
 ""그래 여기서 비를 피하자""
  ""그런데 이 음산한 분위기는 뭐지?""
 사방이 거울로 둘러싸인 이 곳에서 당신은 살아남을 수 있는가?",,,,,,,,,,,,,,
저주받은 산장,코드케이 강남점,강남,7,44000 ,"2인 : 44,000원 3인 : 60,000원 4인 : 76,000원",2 ,60 ,적음,23,비슷,"할 일이 태산인데, ‘좀 쉬어줘야 한다’는 채린의 성화에 나도 모르게 끄덕이고 말았다. 시작은 좋았다. ​서류 제출기한은 일주일 여유가 생겼고, 날씨도 화창했다. 웬일인지 도로도 뻥 뚫렸다. ‘슬슬 여행 기분 나네’ 하던 게 불과 1시간 전이다. 돌이켜보니 수상했던 게​ 한두 개가 아니었다. 딱한 표정을 지으며 수근덕 거리던 마을사람들도 그렇고, 산장지기의 무뚝뚝함도 그렇고… 더구나 방안에 가득한 암호와 자물쇠, 그리고 이 음산한 분위기는 도대체 뭐란 말인가?
",,,,,,,,,,,,,,
마법사 케라스의 방,코드케이 강남점,강남,3,44000 ,"2인 : 44,000원 3인 : 60,000원 4인 : 76,000원",4 ,60 ,적음,23,자물쇠,"암흑세력 중에서도 가장 강력하다는 케라스는 과연 명불허전이었습니다.
 당신의 주술은 번번이 빗나갔고, 결국 케라스에게 사로잡히게 됐습니다.
 케라스는 이제 당신의 영혼을 훔쳐 더욱 강력해지려 합니다.
 다행히 당신의 영혼을 훔치기 위해서는 소울스톤이 필요합니다.
 케라스가 소울스톤을 구하러 잠시 집을 비우는 사이 탈출할 수 있는 마지막 기회를 갖게 되었습니다.
 이제 1시간 남았습니다.
 이곳에서 더 이상 당신의 주술은 통하지 않습니다.",,,,,,,,,,,,,,
납치,코드케이 강남점,강남,7,44000 ,"2인 : 44,000원",2 ,60 ,적음,2,자물쇠,"깨어보니 철창을 사이에 두​​고 나와 여자친구가 갇혀 있다. 여자친구와 커피를 마신 것까지 기억난다.외진 곳이었지만 꽤 분위기가 좋은 카페였고, 느긋이 커피를 마시며 다음 행선지를 상의하려 했다. 여자친구는 무섭다면서 울고 있다. 무섭기는 마찬가지지만 냉정해야 한다. 티를 내면 여자친구는 버티기 힘들 것이다.주변을 둘러보니 음산한 기운이 느껴진다. 위험한 상황에 놓였다는 것이 감지된다. 정신 차리자! 탈출할 방법이 있을 것이다.
",,,,,,,,,,,,,,
기억상실,코드케이 강남점,강남,10,44000 ,"2인 : 44,000원 3인 : 60,000원 4인 : 76,000원",3 ,60 ,적음,23,자물쇠,"정신을 차려보니 알 수 없는 장소에, 알 수 없는 메시지가 가득하다.여긴 도대체 어디란 말인가?정확히 설명할 순 없지만 무언가 엄청난 일들이 벌어지는 중이라는 걸 직감할 수 있다. 방안에 남겨진 무수한 메모들이 뭔가 힌트를 주는 것 같다. 내가 누구이고 무슨 일이 벌어지고 있는지 지금부터 파헤쳐 보자.",,,,,,,,,,,,,,
살인사건 현장-퀸즈파크 살인사건,코드케이 강남점,강남,10,44000 ,"2인 : 44,000원 3인 : 60,000원 4인 : 76,000원",2 ,60 ,적음,23,자물쇠,"퀸즈파크주에 살인사건이 발생했다.
 현장에서 발견된 5개의 증거품과 6명의 용의자, 그리고 알 수 없는 ​​​​현장들.
 수사 진행 중 상부에서 전화 한 통을 받았다.
 오늘 12시를 기점으로 내일부터 다른 부서로 수사 일체를 넘기라는 통화를.
 젠장...​
 난 직감했다. 무언가의 압력으로 하루빨리 수사를 종결하려는 행동인 것을...
 지금 시간은 9시​. 살인사건 현장까지는 족히 2시간이 걸린다. 시간이 없다.
 내가 그렇게 정의롭게 살지는 않았지만 이번 사건은 꼭 해결하고 싶다.
 기다려라. 내가 반드시 진범을 찾아서 검거할 것이다.",,,,,,,,,,,,,,
셜록홈즈 : 살인누명,코드케이 강남점,강남,10,44000 ,"2인 : 44,000원 3인 : 60,000원 4인 : 76,000원",3 ,60 ,적음,23,자물쇠,"""왓슨군, 보는 것과 관찰하는 것은 다른 것이라네.""
 다급한 홈즈의 전화를 받고 단숨에 달려왔다.
 그런데 사무실에는 아무도 없다.
 무언가 수상하다.
 이건 뭐지? 홈즈의 메시지인가?
 이럴 수가…
 홈즈가 위기에 빠진 게 분명하다.​
 당황하고 있을 시간이 없다.
 빨리 이 상황을 벗어나 홈즈를 찾아야 한다.""",,,,,,,,,,,,,,
테러리스트,코드케이 강남점,강남,14,44000 ,"2인 : 44,000원 3인 : 60,000원 4인 : 76,000원",3 ,60 ,보통,23,비슷,"테러리스트 본거지에서 많은 정보를 제공한 핵융합연구소 이주혁이라는 과학자가 있습니다.
 내부에서 테러리스트에 대한 많은 정보를 주었는데 현재 교신이 안됩니다. ​
 마지막으로 교신한 내용은 지금 쫒기고 있다는 점​과 폭탄에 관한 단서를 곳곳에 숨겨놓았다는 것.
 현재 테러리스트 건물에는 가공할 만한 마이크로핵폭탄이 장착되어 있습니다.
 작지만 이 지역 도시를 날려버릴 수 있는 엄청난 무기입니다.
 여기까지가 저희가 드릴 수 있는 정보입니다.
 이제 남은 시간은 한시간 남짓입니다.",,,,,,,,,,,,,,
감옥탈출,코드케이 강남점,강남,14,44000 ,"2인 : 44,000원 3인 : 60,000원 4인 : 76,000원",3 ,60 ,적음,23,비슷,"결백입증에 실패했다.
 제길…
 아무리 결백을 입증하려 해도 누군가 만들어 놓은 함정으로 인해 번번이 내 진술은 기각됐고 결국 무기징역을 선고받았다.
 하지만 이대로 억울하게 감옥에서 썩을 수는 없다.
 이제 준비는 끝났다. 감옥구조를 파악하니 약점이 보인다. ​내외부의 도움도 확보했다. 간수들의 일과를 살펴보니 바로 오늘이 탈출 적기. 1시간 동안 한눈 끌 사건도 마련했다.​
 오늘, 바로 오늘 나는 탈출할 것이다.
 그리고 내 결백함을 증명해서 모든 것을 바로잡을 것이다.",,,,,,,,,,,,,,
기술자들,코드케이 강남점,강남,14,44000 ,"2인 : 44,000원 3인 : 60,000원 4인 : 76,000원",3 ,60 ,보통,23,비슷,"어느 날 검은손 진회장으로부터 한통의 문자가 왔다.
 ""날짜-시간-장소"" 그 외에는 아무것도 없다.
 무엇을 훔치는지..
얼마의 대가를 받는지..
​현재로서는 알 수 없다..
 잠입에 성공하면
 검은손 진회장과 나의 동료이자 천재 해커인 밧데리가
 우리들을 도와줄 것이다. 이제 그 시간이 다가왔다.",,,,,,,,,,,,,,
미치광이 과학자 연쇄살인범,코드케이 강남점,강남,7,44000 ,"2인 : 44,000원 3인 : 60,000원 4인 : 76,000원",3 ,60 ,적음,23,자물쇠,"“저와 친구들은 그저 많은 돈을 준다기에 임상실험 아르바이트에 지원했던 것 뿐이었어요. 그런데….”
“그건 임상실험이 아니고 미치광이 과학자의 학살실험이었어요.
저랑 같이 있던 친구들이 하나둘씩 죽어나갈 때마다 제가 할 수 있는 건 아무 것도 없었어요.
겨우 저만 빠져나왔지만 다시는 기억하고 싶지 않아요. 헉헉헉….”
“아 그래요. 아마 지금 실종된 애들도 마찬가지 상황일 거에요. ""
""무섭고 힘들겠지만 꼭 살아 돌아왔으면 좋겠어요. 제발….”",,,,,,,,,,,,,,
좀비 90일 후,코드케이 강남점,강남,7,44000 ,"2인 : 44,000원 3인 : 60,000원 4인 : 76,000원",3 ,60 ,적음,23,비슷,"정체불명의 바이러스가 전국으로 확산되고 있다.
그리고 알 수 없는 존재들의 무차별적 공격.
긴급재난경보령이 선포된 가운데 국가는 바이러스 감염자를 ""좀비""라고 정의했다. 시간이 얼마 없다.
언론에 있는 친구로부터 중요한 정보를 전달 받았다.
4-4구역내 연구소에 좀비 항바이러스를 개발하고 있다는 것.
​이제 우리가 기댈 곳은 이 곳 뿐이다.",,,,,,,,,,,,,,
도둑들,코드케이 강남점,강남,10,44000 ,"2인 : 44,000원 3인 : 60,000원 4인 : 76,000원",2 ,60 ,적음,2,자물쇠,"당신은 이쪽 바닥에서 꽤나 유명한 은행털이범.
 출소 후 힘겨운 나날을 보내던 어느 날 세계 최고의 해커 모리스로부터 솔깃한 제안을 받는다.

최고의 디자이너 마추가 제작한 한정판 금괴가 한국은행 본사에 숨겨져 있는데 이를 꺼내다주면 2천만달러를 주겠다는 것.

더구나 내부조력자도 보장받았다.

""그래! 모리스의 능력이라면 1시간 동안 은행보안장치를 무용지물로 만들 수 있어.""
""그가 건드릴 수 있는 건 중앙보안장치 뿐이야. 이밖에도 난관은 무수히 많을 거야.""

성공을 장담할 수 없는 위험천만한 계획.

인생 최고의 반전이 될 수 있지만, 평생 감방에서 썩어야 할지도 모른다.",,,,,,,,,,,,,,
이스케이프 플랜,마스터키 잠실점,잠실,6,50000 ,"2인 : 50,000원 3인 : 69,000원",5 ,70 ,많음,34,비슷,갇히고 또 탈출하는 데에 무슨 이유가 필요한가 오직 탈출의 탈출에 의한 탈출을 위한 Escape Plan,,,,,,,,,,,,,,
그리고 아무도 없었다,마스터키 잠실점,잠실,10,44000 ,"2인 : 44,000원 3인 : 60,000원",4 ,60 ,적음,23,비슷,그 방에서 나온 사람은 아무도 없었다,,,,,,,,,,,,,,
블랙룸,마스터키 잠실점,잠실,17,44000 ,"2인 : 44,000원 3인 : 60,000원",5 ,60 ,적음,23,자물쇠,어쩌면 이 방은 이 세상에 존재하면 안 되는 방이었는지도 모른다.,,,,,,,,,,,,,,
샵보이스,마스터키 잠실점,잠실,5,44000 ,"2인 : 44,000원 3인 : 60,000원",3 ,60 ,적음,23,비슷,나는 달콤하고 감미로운 목소리를 가진 빡빡이다,,,,,,,,,,,,,,
더매치:마지막전쟁,마스터키 잠실점,잠실,5,44000 ,"2인 : 44,000원 3인 : 60,000원",3 ,60 ,적음,2,비슷,우리는 항상 전쟁 속에 살아왔다. 평화로워 보이는 지금 대한민국에서도 수많은 전쟁이 끊이질 않고 있다. 수많은 전쟁 중에서도 단연코 가장 큰 마지막 전쟁을 지금 끝내려 한다!!,,,,,,,,,,,,,,
봉인의탑:마법사의길,비트포비아 미션브레이크,용산,3,44000 ,"2인 : 44,000원 3인 : 66,000원",2 ,60 ,적음,23,장치,"방학을 맞아 할아버지의 집에 간 당신은 고대의 마법이 봉인되어 있는 봉인의 탑과 위대한 마법사에 대한 소문을 듣게 된다. 호기심이 생긴 당신은 할아버지에게 마법사에 대한 질문을 퍼부었지만, 할아버지는 이상하게도 당황해 하시며 대답을 하지 않고 자리를 비우셨다. 할아버지가 외출하신 틈을 타 여기저기를 수색하는 중 이상한 기운을 느끼게 되는데..",,,,,,,,,,,,,,
시그널1989,비트포비아 미션브레이크,용산,10,44000 ,"2인 : 44,000원 3인 : 66,001원",3 ,60 ,적음,23,자물쇠,"용산동에서 연쇄 살인사건이 발생했다. 피해자들은 성별, 연령대, 직업 모두 각양각색의 사람들이었으며 현장에서 발견된 범인의 족적 및 신발이 다양한 것으로 보아 모든 사건이 동일범의 소행은 아닌 것으로 판단되는 상황이었다. 정보의 부족으로 수사에 애를 먹고 있던 중, 서랍에 보관중이던 고장 난 무전기가 갑작스레 울리기 시작했다. 본인이 2018년의 형사라고 주장하는 사람으로부터 온 무전이었다. 지금은 1989년인데… “형사님, 지금부터 두시간 뒤에 용산동 살인 사건의 7차 피해자가 발생합니다. 지금 당장 범인을 잡으러 가셔야 피해를 막을 수 있습니다. 지금부터 제가 드리는 말씀을 잘 받아 적은 뒤 현장으로 출발해 주세요!”",,,,,,,,,,,,,,
시그널2018,비트포비아 미션브레이크,용산,10,44000 ,"2인 : 44,000원 3인 : 66,002원",3 ,60 ,많음,23,비슷,"어느 날, 미제 전담반에 전달된 의문의 편지 한 통. “박인혁 원장 자살사건은 경찰에 의해 조작되었습니다.” 지금으로부터 20년 전인 1998년. 최고의 권력과 재화를 손에 쥐었던 박인혁 원장 일가족의 자살 사건은 당시 대중들에게 엄청난 충격으로 다가왔다. 항간에는 자살이 아니라는 이야기들이 떠돌았지만, 그 어떤 타살의 증거를 찾을 수 없었기에 자살로 종결된 사건이었다. 그런데 갑자기 받게 된 이 편지는 해당 사건이 자살로 조작되었다고 말한다. 그것도 경찰에 의해… 그 날 저녁, 브리핑 실에 남아 해당 사건 자료를 조사해보니 실제로 증거들이 삭제되거나 변형된 정황이 포착되었다. 사건의 진실에 대한 의문이 생기던 중, 때마침 과거로부터 무전이 도착한다. “경위님, 지금 여긴 1998년입니다. 얼마 전 박인혁 원장 일가족 자살 사건이 발생했는데, 뭔가 수상한 구석이 있습니다. 미래에 해당 사건은 어떻게 결론이 났습니까?” ※실내+실외 복합형 게임으로써 게임 진행 중 테마 룸 외부로 나가는 상황이 발생할 수 있습니다.",,,,,,,,,,,,,,
신서유기:신묘한 실종사건,비트포비아 미션브레이크,용산,3,44000 ,"2인 : 44,000원 3인 : 66,003원",3 ,60 ,적음,234,비슷,"최고 인기 프로그램 tvN 신서유기의 막내 작가인 당신, 이번 특집은 레전드 특집! 한창 프로그램 준비에 바쁜 와중, 신서유기의 마스코트인 신묘한 힘이 사라져버렸다는 소식을 듣게 된다. 촬영이 시작되기 전에 사라진 묘한이를 찾기 위해, 당신은 묘한이가 마지막으로 목격되었다는 장소인 신서유기 대기실로 향하게 되는데 ..",,,,,,,,,,,,,,
신서유기:용볼회수 대작전,비트포비아 미션브레이크,용산,3,44000 ,"2인 : 44,000원 3인 : 66,004원",3 ,60 ,보통,234,비슷,"범우주적 용볼 회수 조직 A.M.F(A Mysterious Force) 이들은 7개를 모으면 소원을 이루어주는 신묘한 용볼이 악용되지 않도록 우주 곳곳에 떨어진 용볼을 찾아 회수하고 관리함으로써 우주의 평화를 지키고 있다. 그러던 중, 지구에 떨어진 용볼 7개가 악당의 손에 들어갔다는 정보가 입수되었다. AMF의 신입 요원으로 막중한 첫 미션을 맡게 된 당신. 악당의 아지트를 찾아내어, 그들의 음모를 막아내고 용볼을 성공적으로 회수하라!",,,,,,,,,,,,,,
선물,마스터키 상수점,상수,1,44000 ,"2인 : 44,000원 3인 : 60,000원",4 ,60 ,적음,23,자물쇠,"지금 이 시간, 당신에게 내 인생 최고의 선물을 드리려 합니다.",,,,,,,,,,,,,,
기억연구소,마스터키 상수점,상수,4,44000 ,"2인 : 44,000원 3인 : 60,000원",3 ,60 ,적음,23,자물쇠,"저희 연구소에서 새로운 기술을 개발했습니다. 찾고 싶은 소중한 기억이 있으시다면, 기억연구소(MEMORY LAB)로 연락주세요.",,,,,,,,,,,,,,
도시괴담 Part.2 'The Abandoned Office',마스터키 상수점,상수,7,44000 ,"2인 : 44,000원 3인 : 60,000원",4 ,60 ,적음,23,비슷,"도심 한 구역에 임대 중인 한 사무실. 전에 사용하던 회사가 화재로 인해 폐업한 뒤로, 쭉 비어 있는데.. 어째서 이 사무실은 버려진 채로 방치되고 있는 걸까? 오늘 이 사무실의 비밀을 파헤쳐보자.",,,,,,,,,,,,,,
레이더스,마스터키 상수점,상수,6,50000 ,"2인 : 55,000원 3인 : 69,000원",5 ,70 ,많음,34,비슷,"신비의 섬 미스틱 아일랜드(MYSTIC ISLAND). 그리고, 이 섬을 향해 떠난 모험가 집단 레이더스(RAIDERS). 이 섬에서는 어떤 일이 벌어지고 있는걸까?",,,,,,,,,,,,,,
흥보와 놀보,마스터키 상수점,상수,5,44000 ,"2인 : 44,000원 3인 : 60,000원",3 ,60 ,적음,23,자물쇠,"""여러분의 영광의 시대는 언제였죠? 대기업에 취직했을 때? 새로운 사랑을 만났을 때? 난 지금입니다.""",,,,,,,,,,,,,,
어느 가을날,마스터키 상수점,상수,17,44000 ,"2인 : 44,000원 3인 : 60,000원",2 ,60 ,적음,23,자물쇠,그 해의 어느 가을 날. 그녀와 나의 이야기.,,,,,,,,,,,,,,
글램핑,덤앤더머 대학로점,혜화,6,44000 ,"1인 : 33,000원 2인 : 44,000원 3인 66,000원",2 ,60 ,보통,23,자물쇠,"안녕하세요. D&D 글램핑입니다.
 맑은 계곡이 흐르고 싱그러운 푸른 숲과 맑은 공기가 가득한 이곳
 자연과 어우러진 녹지위에 다양한 부대시설과 청결하게 관리된 이곳에서
 사랑하는 사람들과 함께 즐거운 시간을 보낼 수 있는 오토 글램핑장.
 바쁜 일상을 벗어나 자연과 하나 되는 D&D 글램핑장.
 
 자연과 어우러지는 최고의 선물과 더불어 저희만이 가지고 있는 특별한 이벤트
 
 바로 <숨겨진 보물을 찾아라. - 보물찾기 이벤트>를 진행하고 있습니다.
 글램핑장 곳곳에 숨겨진 보물을 찾으신 후 응모하시면 상품권을 드립니다.
 
 깨끗한 자연 함께하는 식사 즐거운 이벤트가 가득한 D&D 글램핑
 가족들 혹은 연인들끼리 오셔서 즐겁고 행복한 시간을 보내세요.",,,,,,,,,,,,,,
크라임시티,덤앤더머 대학로점,혜화,14,44000 ,"1인 : 33,000원 2인 : 44,000원 3인 66,000원",2 ,60 ,적음,3,자물쇠,"소연과 규민은 오랜만에 만나 수다를 떨며 가볍게 맥주 한 잔을 시켰다. 홀짝거리며 마시던 500cc 맥주가 바닥이 나자 둘은 유치장에서 사이좋게 누워있었다.
 
 “왜 우리가 여기 있어?”
 
 경찰이 말하길 우리 둘은 술에 취해 온 동네를 휘젓고 다니며 소란을 떨었다고 한다. 아무리 술을 마셨다지만 기억 속에 있는 술의 양은 맥주 한 잔이 전부였다. 한 잔을 먹고 필름이 끊겼다고? 이상하다는 생각이 나기도 전에 이 창피함을 피해 쥐구멍으로 숨고 싶다는 생각이 머릿속을 휘저었다. 다행히 기물파손이 없었기에 훈방으로 풀려난 우리 둘은 자연스럽게 그날의 일을 잊었다.
 
 그리고는 한 달 뒤, 주위에 친구들 그 친구들의 친구들까지 정신을 잃고 소란을 피웠다는 소식을 들은 소연. 그제야 이상하다고 생각한 소연은 규민에게 원인을 찾아보자고 제안하였다. 처음에는 말도 안 된다는 생각에 들은 채도 안하던 규민은 소란을 피운 친구들의 공통점이 모두 같은 커피숍을 이용하고 있다는 얘기를 듣자 호기심을 가지기 시작했다.
 
 호기심이 의심으로 바뀐 둘은 수상한 커피숍에서 일하고 있는 영주에게 도움을 요청했다. 한 달에 한 번. 수상한 커피숍이 한 시간 동안 문을 닫는 날이 있었고, 영주의 도움으로 소연과 규민은 매장 뒷문으로 몰래 들어가는데 성공한다. 둘은 이 모든 일에 대한 원인을 찾아내야 한다. 의심이 확신이 되기 위해 필요한 한 시간이 서서히 흘러갔다.",,,,,,,,,,,,,,
옵저버,덤앤더머 대학로점,혜화,6,44000 ,"1인 : 33,000원 2인 : 44,000원 3인 66,000원",4 ,60 ,보통,3,장치,"2017년 6월 25일. 동해 속초 부근에서 기동 중인 대잠함정에서 다급한 무전이 전해진다.
 
 “본부. 본부. 여기는 더듬이. 해저 200m 수심에서 수상한 물체가 감지된다. 근처에서 작전 중인 장보고함의 비상출동 명령을 요청한다.”
 
 “여기는 본부. 장보고함을 바로 출동시키겠다. 장보고함이 도착할 때까지 놓치지 말고 추적하기 바란다.”
 
 곧바로 해군작전사령부는 장보고함을 투입시켜 수상한 물체를 확인하려 한다. 빠르게 수색지점으로 향하던 장보고함. 작전지역에 거의 다다른 순간 레이더에서 긴급한 경보음이 삑 삑 울린다. 그와 동시에 장보고함에는 엄청난 충격이 전해졌다. 승무원들은 천장으로 날아올랐다가 바닥으로 떨어졌다. 아직까지 살아있는 걸로 보아선 기뢰인 것 같은데 대한민국 영해내 그것도 수시로 작전을 하는 이곳에 기뢰가 있다니 이상한 일이다.
 
 충격은 예상보다 강했다. 함정은 물이 새기 시작했고, 심각한 손상을 입었다는 경보가 울리기 시작한다. 설상가상으로 장보고함은 엔진 작동이 멈추게 된다. 엔진이 멈추면 전기 공급이 끊기고 함정 내 산소 공급도 멈추게 된다.
 
 동력이 멈춘 장보고함의 예상 잠항시간은 단 한 시간.
 
 한 시간 안에 고장 난 장보고함을 수리하고, 미확인 물체가 무엇인지 확인해야한다.",,,,,,,,,,,,,,
러브클리닉,덤앤더머 대학로점,혜화,18,44000 ,"1인 : 33,000원 2인 : 44,000원 3인 66,000원",2 ,60 ,보통,2,비슷,"안녕하세요. 이곳은 러브클리닉입니다. 무엇을 치료하는지 어떤 일을 하는 곳인지 궁금하신가요? 지금부터 알려드리죠. 하지만 설명에 앞서 간단한 질문을 하겠습니다.
 
 여러분은 서로에 대해서 얼마나 알고 계시나요?
 여러분의 관계는 아직 열정적이신가요?
 아니면 소홀해진 관계를 다시 회복하고 싶으신가요?
 
 서로에 대해 모르고 있었던 사실.
 기억하고 있었지만 익숙해져 잊어버린 것들.
 다시 한 번 느껴보고 싶은 설렘.
 
 일단 캐비넷에 소지품을 넣고 이방으로 들어와 상담을 받아보시겠어요? 여러분이 적극적으로 동참하고 노력한다면 한 시간 안에 원하시는 것을 말끔히 해결해 보일게요. 여러분. 여기는 러브클리닉입니다.
 
 *19세 이상 이용가",,,,,,,,,,,,,,
투 앨리스,덤앤더머 대학로점,혜화,3,44000 ,"1인 : 33,000원 2인 : 44,000원 3인 66,000원",3 ,60 ,보통,23,자물쇠,"고양이가 휙, 하고 선반 위에 나타나더니 뒷발로 한나에게 편지봉투를 주었다. 고양이는 입을 귀까지 걸고 웃었다. 이상하다고 인지하기도 전에 고양이는 사라져 버렸다. 편지봉투도 이상했다. 앞부분은 뜯기지가 않았고, 편지봉투를 뒤집었더니 안에 있던 종이가 밖으로 삐져나왔다.
 
 다니합대초 을신당
 
 앨리스를 대신해 축제를 열어주세요.
 당신은 오로지 허드렛일을 해주는
 영광에 사로잡히는
 불길이 사로잡히는
 불행하지만 축복받는
 선택을 받는
 또 그런 것에 감동받는
 당신에게 축하를 또 받는
 
 -자수장모-
 
 내용물은 아무 말 대잔치였다. 몇 번이나 읽던 한나는 그 아무 말들이 이해가 되자마자 숲속 한가운데에 있는 자신을 발견했다. 뒤를 돌아봤지만 이 세계가 아닌 곳에 갇힌 듯 공간이 울렁거렸다. 아마도 한나에게 선택권은 없어보였다. 여기서 돌아갈 수 있는 방법은 앨리스 대신 축제를 열어주고 모자장수에게 부탁을 해야겠지. 들어가는 길은? 저기 서 있는 나무에게 물어봐야하나? 혹은 저 위에서 날아다니는 까마귀? 째깍째깍 소리가 들리며 고장 났던 손목시계가 거꾸로 움직이기 시작했다. 예상이지만 한나에게 남은 시간은 한 시간인가보다.",,,,,,,,,,,,,,
푸른수염,덤앤더머 대학로점,혜화,7,44000 ,"1인 : 33,000원 2인 : 44,000원 3인 66,000원",3 ,60 ,보통,23,비슷,"수많은 열쇠가 걸려있는 꾸러미가 빛났다. 백작은 중요한 용무로 잠시 성 밖으로 나가야 했다. 그리고 나에게 열쇠꾸러미를 주었다.
 
 “모든 방을 열어 원하는 것 모두를 얻겠지만 복도 끝 방의 열쇠는 없을 것이오. 열수도 없을뿐더러, 열려고 하지조차 마시오.”
 
 열쇠는 문의 개수와 정확히 맞아 떨어졌다. 그러나 나에게 필요한 열쇠는 복도 끝 방의 열쇠였다. 백작의 여섯 번째 부인이자 나의 언니를 찾기 위해선 저 방의 열쇠를 찾아야했다.
 
 백작이 타고 있는 마차가 성 문 밖을 나갔다. 그와 동시에 정각을 알리는 시계 종이 울려댔다. 백작이 다시 돌아오기까지 한 시간 남짓의 시간이 있다. 중요한 용무라고 했지만 그렇게 성을 오래 비우진 못할 것이다. 무슨 수를 써서라도 백작이 도착하기 전까지 열쇠를 찾아내야만 한다.
 
 “오. 주여. 구원을 베푸소서.”",,,,,,,,,,,,,,
천사와 악마,넥스트에디션 신촌 1호점,신촌,14,44000 ,"2인 : 44,000원 3인 : 60,000원",3 ,60 ,적음,23,자물쇠,"서울대 종교기호학과 교수인 당신은 의문의 인물로 부터 신촌의 성지라 불리는 마스터 교회에서 수상한 의식이 행해진다는 소식을 들었다.
몇년 전 부터 신도들이 하나둘씩 의문사 하거나 사라지는 사건들이 벌어졌는데, 이 사건과 관련이 있음을 밝혀달라는 내용이다.
의문의 인물의 도움으로 교회안에 무사히 도착한 당신은 신부가 기도하러 돌아오기전까지 60분안에 비밀을 파헤쳐야 한다.",,,,,,,,,,,,,,
13 여고괴담,넥스트에디션 신촌 1호점,신촌,7,44000 ,"2인 : 44,000원 3인 : 60,000원",3 ,60 ,보통,234,비슷,"""13 클럽의 초대장""
""이 글을 읽는 당신은 B여고의 0학년 13반 13번 입니다. 13번이 된 당신은 매월 13일 사고를 당할 것입니다. 도움이 필요하면 연락주세요.""
새학기 첫날부터 받은 수상한 메시지, 미신을 대수롭게 넘기는 나는 누군가의 장난으로 생각하였다.
3월 13일, 미술실으로 이동하다가 계단에서 넘어졌다.
4월 13일, 화단에서 떨어지는 화분에 사고를 당했다.
연이은 사고에 학기초에 받은 메시지로 연락을 하였다.
수화기넘어 들려오는 차분한 목소리, 그녀 또한 13번이었다.
이유 없는 13반 13번의 사고, 다들 넘기는 분위기였지만, 감수성이 예민한 고등학생이기에 순식간에 13번은 저주의 아이콘이 되었다. 그녀는 끊임없는 괴롭힘을 견디며 13번에 대한 정보를 수집하였다.
그리고 이 모든 시작은 13년전 어느날부터라는 걸 파악하였는데…",,,,,,,,,,,,,,
인디아나 존스,넥스트에디션 신촌 1호점,신촌,6,44000 ,"2인 : 44,000원 3인 : 60,000원",3 ,60 ,적음,23,자물쇠,"마지막 모험후 자신이 재직중인 바네트 대학으로 돌아온 박사는 몇달간 비워두었던 개학 연구실에서 오래전에 도착한 소포를 발견하였다.
소포중에는 아버지의 일기장 등이 있었다. 아버지의 흔적을 쫓는 도중 존슨박사는 우연히 만난 월터도노반에게서 아버지에 관련된 단서를 얻는다.
도노반은 자신이 앙카라 북쪽에서 발견한 반쪽자리 신의 석판 탁폰을 보여주며 헨리박사의 일기장을 참고로 나머지 반쪽 석판과 예수가 최후의 만찬때 사용했다는 술잔""성배""를 찾아달라고 부탁하는데...",,,,,,,,,,,,,,
더 매직 ,넥스트에디션 신촌 1호점,신촌,5,44000 ,"2인 : 44,000원 3인 : 60,000원",3 ,60 ,보통,234,자물쇠,"별볼일 없는 촌구석 골동품가게의 막내로 태어나
별볼일 없는 외모로 별볼일 없는 인생을 살아왔다.
17살의 첫사랑. 그리고 좌절
우중충한 내인생에 비는 멈추지 않는다. 나는 오늘도 세상에서 가장 어려운 탈출
솔.로.탈.출에 도전한다.",,,,,,,,,,,,,,
그레이 인 인셉션,넥스트에디션 신촌 1호점,신촌,18,44000 ,"2인 : 44,000원 3인 : 60,000원",1 ,60 ,적음,2,자물쇠,"모든 것을 가진 젊은 CEO ""크리스찬 그레이"", 그의 마력에 빠진 ""아나스타샤"".
순수한 사회 초년생인 ""아나스타샤""는 마성적인 매력을 갖고 있는 ""그레이""의 모든 것을 알고 싶어지게 된다.
그에게 다가갈수록 확실해지는 그의 숨겨진 취향, 그녀는 모든 것을 받아드리기로 마음을 먹으나, 그럴수 록 거부감이 생기는 그의 숨겨진 비밀.
거부할수 없는 본능의 물결속에 자신의 가치관이 흔들리는 그녀. 자신의 가치관과 그를 놓치지 않기위해 그녀는 그의 꿈속으로 향해 들어가는데...",,,,,,,,,,,,,,
화이트룸 ,넥스트에디션 신촌 1호점,신촌,4,44000 ,"2인 : 44,000원 3인 : 60,000원",5 ,60 ,적음,234,자물쇠,"
눈을 떠보니.. 낯선곳이다.
""난 누구지? 왜 여기 있는거지?""
순간 불이 켜지면서 의문의 사람이 스크린에 보여진다.
이곳을 탈출하게 도와준다고 하는데 믿음이 가지 않는다.
하지만 방법이 없다.
실루엣과 함께 이 하얀방을 탈출하자!",,,,,,,,,,,,,,
SOUL CHASER - 몽유병,넥스트에디션 신촌 1호점,신촌,9,34000 ,"2인 : 34,000원 3인 : 51,000원",2 ,90 ,많음,2,장치,"소울 체이서란,
이승에서 떠나지 못한 영혼들을 추적하여
찾아내는 자들이다.
이번 영혼에게는 어떠한 사연이 있는 것일까?",,,,,,,,,,,,,,
수상한 병원,ESC 홍대점,홍대,7,44000 ,"1인 : 44,000원 2인 : 44,000원 3인 : 57,000원",5 ,60 ,적음,23,자물쇠,"돈을 벌기 위해 고민하던 당신은
어느 병원에서 임상실험자를 모집한다는 광고를 보게 된다.

짧은 시간에 많은 돈을 받을 수 있다는 말에
실험에 참가하기로 결정하고 들뜬 마음으로 병원으로 향한다.

설레는 마음으로 병원에 들어간 당신은
병원 측이 제공한 약을 삼킨 채, 실험이 진행되기를 기다린다.

얼마나 시간이 지났을까?

눈을 떠 주변 상황을 둘러보니 이곳저곳에 뿌려져 있는 혈흔,
각종 수술 도구들 그리고 나와 같은 처지의 사람들...

하루아침에 생체실험의 피해자가 될
위기에 처한 당신의 운명은 어떻게 될 것인가?",,,,,,,,,,,,,,
Trap Train,ESC 홍대점,홍대,14,44000 ,"1인 : 44,000원 2인 : 44,000원 3인 : 57,000원",3 ,60 ,적음,23,자물쇠,"당신은 ‘21세기의 루팡 ’이라 불리는 괴도.

돈만 주면 무엇이든 해결해주는 의뢰계의 일인자로,
경찰의 갖은 노력에도 현장을 유유히 빠져나가곤 했다.

어느 날, 대부호로부터 거액의 의뢰금과 함께 수송열차 내
그림을 훔쳐와 달라는 의뢰 를 받고 기차에 잠입하게 된다.

손쉽게 의뢰 물품을 찾은 당신은
동료에게 코드번호를 전달하자 그림이 가짜임을 발견하고
거대한 열차 자체가 경찰들의 함정 임을 알게 된다.

경찰 신분을 숨기고 그에게 접근한 가짜 의뢰인 과
만나기로 한 역에 도착하기까지 한 시간.

경찰의 포위망 이 서서히 좁혀오기 시작하는데...",,,,,,,,,,,,,,
프로젝트 Z,ESC 홍대점,홍대,7,44000 ,"1인 : 44,000원 2인 : 44,000원 3인 : 57,000원",3 ,60 ,적음,23,자물쇠,"5년 전,
사람의 신경계를 감염시키는 바이러스 Z가 발견되었다.

당시 SVR 연구소에서 Z바이러스를 연구하던 도중,
치명적이고 전염성이 강한 좀비바이러스로 변종을 일으킨다.

순식간에 퍼져나간 바이러스,
얼마 남지 않은 생존자들은 연맹을 구성한다.

연맹 최고 요원으로 발탁된 당신은
백신 개발을 위해 폐쇄된 연구소에
보관되어 있는 초기 바이러스 샘플을 구해 와야 한다.

연구소가 파괴되기 까지 주어진 시간은 단 1시간.
지금 인류의 생존을 향한 마지막 미션이 시작된다.",,,,,,,,,,,,,,
여신의 눈물 : 코이누르,ESC 홍대점,홍대,14,44000 ,"1인 : 44,000원 2인 : 44,000원 3인 : 57,000원",2 ,60 ,적음,23,비슷,"여신의 눈물이라 불리던 영국 황실의 보물 ‘코이누르 ‘,

‘코이누르’가 사라졌다.

영국 황실에서는 전 세계적으로
‘코이누르’의 행방을 쫒으며 가져온 자에게는 막대한
금액으로 ‘코이누르’를 매입하겠다는 공표를 한다.

한 때 정보국 요원 이었던 당신은 정보국 동료를 통해
범인은 IS 테러집단 이며, ‘코이누르’는 현재
IS 소속 비밀 박물관에 보관 되어있다는 정보를 입수한다.

당신은 지금부터 부와 명예를 얻기 위해
비밀 박물관에 침투하여 몰래 ‘코이누르’를 가져와야 한다.

이미 박물관 안으로 진입한 당신,
그리고 침입이 발각되기까지 1시간.

정보요원이었던 옛 경험을 살려
누구보다 신속하고 정확하게 보석을 빼와야한다!",,,,,,,,,,,,,,
코드네임 : 블랙로즈,ESC 홍대점,홍대,10,44000 ,"1인 : 44,000원 2인 : 44,000원 3인 : 57,000원",2 ,60 ,적음,2,자물쇠,"AeiZac은 테러조직에 무기를 판매하는 브로커 집단이다.

2020년 02월 02일,
인터폴은 1시간 뒤 ‘AeiZac’이 테러용 생화학 무기를
이탈리아 접선지에서 제 3국으로 넘긴다는 정보를 입수한다.

Red Rose로 알려진 이 무기는 세균을 살포해
넓은 범위의 테러를 가능하게 하는 생화학 무기로,
거래가 성사 될 시 세계대전의 방아쇠가 당겨질 수 있다.

이를 막기 위해 인터폴은 ‘코드네임 : 블랙로즈’를 발령한다.

당신들은 인터폴의 일원으로서 조직 내 심어둔 스파이들과
함께 생화학 무기를 탈취하여 블랙로즈 임무를 완수하라.

※이 미션은 스파이조와 침투조가 따로 편성되어 움직입니다.",,,,,,,,,,,,,,
라이트아 아웃,ESC 홍대점,홍대,7,44000 ,"1인 : 44,000원 2인 : 44,000원 3인 : 57,000원",3 ,60 ,적음,23,자물쇠,"과거에 엄청난 성공을 거둔 전기회사가
원인 모를 사고로 문을 닫게 된지 어언 1년.
당신은 철거공사가 진행되기 전 조사차 파견된다.

조사를 마치고 회사를 내려오던 중,
건물 안에서 희미하게 새어나오는 SOS구조 신호를 보게 된다.

“방금 불빛은 무엇이지? 잘못 본 것일까?...”

눈을 비비고 다시 살펴보았지만,
분명 오래 전 문을 닫았다던 건물에서
누군가 구조 신호를 보내고 있음을 확인 한다.

두려움보다 호기심이 앞선 당신, 파견을 간 일행들과 함께 구조신호에 이끌려 건물 2층으로 들어서게 된다.
구조 신호가 새어나온 방 앞에 서자,
왠지 모를 서늘함마저 느껴진다.
과거 기계실이었던 이곳에는 무너져 내릴 수 있으니
위험하다는 표지판과 함께, 안전모가 발아래 나뒹굴고 있다.

이 때, 갑자기 문이 닫히며 꺼림칙한 소리가 들려온다.
이곳에서 누가, 왜 구조신호를 보낸 것일까...",,,,,,,,,,,,,,
랑슈 뷰티연구소,셜록홈즈 잠실2호점,잠실,7,44000 ,"2인 : 44,000원 3인 : 60,000원 ",3 ,60 ,보통,23,비슷,당신의 아름다움을 찾아드립니다.,,,,,,,,,,,,,,
단잠,셜록홈즈 잠실2호점,잠실,4,44000 ,"2인 : 44,000원 3인 : 60,000원 ",3 ,60 ,보통,234,비슷,"몸도 마음도 지친 퇴근길, 지하철역에서 마주한 낯선 포스터 하나. 지친 당신에게 위로가 될 피아노 콘서트 : 단잠. 지금 시작합니다.",,,,,,,,,,,,,,
퓨처리스트,셜록홈즈 잠실2호점,잠실,1,32000 ,"2인 : 32,000원 3인 : 48,000원",4 ,45 ,보통,23,비슷,"정해진 미래를 바꿀 수는 없습니다. 나는 단지 그 미래를 그릴 뿐입니다. 2008년 중국, 미래를 그리는 한 화가가 있었다.",,,,,,,,,,,,,,
어느 구두쇠의 전시회장,룸익스케이프 블랙점,신촌,10,44000 ,"2인 : 44,000원 3인 : 60,000원",2 ,60 ,적음,23,장치,"탐정님, 의뢰 연락이 왔습니다.
알프레도 집사라고 본인을 소개 하더라구요.
아시죠? 얼마 전에 인근 대저택 백작이 죽었다는 얘기요
사람들과의 접촉이 없어서 얘기만 무성 했는데

대저택에 관한 여러 소문을 확인해 보고 싶은데요….
조금은 아쉽네요.. 이번에는 전시회장으로 오라고 하는군요...

이상하지만 의뢰인과 약속 날짜를 한번 잡아 볼까요?",,,,,,,,,,,,,,
트레져쉽 : 신화속의 존재,룸익스케이프 블랙점,신촌,6,44000 ,"2인 : 44,000원 3인 : 60,000원",4 ,60 ,적음,23,장치,"집채만한 파도를 뚫고 우리는 드디어 ""전사의 심장""이 있다는
보물선을 찾아냈다. 하지만 전설 속 보물을 발견하기도 전에
우리는 이 알 수 없는 보물선의 선실 안에 갇혀버렸다. 무엇
때문인지 오른쪽 눈도 갑자기 보이질 않는다. 아무래도 이곳
의 미지의 힘이 우릴 나가지 못하게 막아서는 것 같다.

9일째...
허기와 갈증으로 모두가 지쳐버릴 무렵,
선실 안의 기운이 변하며, 저절로 횃불이 불타올랐다.

문득... 할아버지가 해준 신들의 이야기가 떠올랐다.",,,,,,,,,,,,,,
냥이점집,룸익스케이프 블랙점,신촌,3,44000 ,"2인 : 44,000원 3인 : 60,000원",2 ,60 ,적음,23,비슷,냐옹~,,,,,,,,,,,,,,
에이전트 : 노출된 미션,룸익스케이프 블랙점,신촌,14,44000 ,"2인 : 44,000원 3인 : 60,000원",4 ,60 ,적음,23,장치,"2016년.
VIP의 경호 임무를 수행 중이던 에이전트6가 실종된다.
몇 시간 뒤, 긴박하게 들어온 에이전트6의 지원요청에
당신은 안전가옥으로 출동하지만, 그는 이미 사라지고 없다.
덩그러니 남아있는 것은 의뢰인의 검은 서류가방 뿐...

그의 실패한 임무에 대체 무슨 일이 있었던 걸까..
당신은 그를 무사히 구출할 수 있을 것인가.

마카오, 알비노로 이어지는
룸익스케이프 요원시리즈의 첫 번째 이야기.",,,,,,,,,,,,,,
,,,,,,,,,,,,,,,,,,,,,,,,,
,,,,,,,,,,,,,,,,,,,,,,,,,
,,,,,,,,,,,,,,,,,,,,,,,,,
,,,,,,,,,,,,,,,,,,,,,,,,,
,,,,,,,,,,,,,,,,,,,,,,,,,
,,,,,,,,,,,,,,,,,,,,,,,,,
,,,,,,,,,,,,,,,,,,,,,,,,,
,,,,,,,,,,,,,,,,,,,,,,,,,
,,,,,,,,,,,,,,,,,,,,,,,,,
,,,,,,,,,,,,,,,,,,,,,,,,,
,,,,,,,,,,,,,,,,,,,,,,,,,
,,,,,,,,,,,,,,,,,,,,,,,,,
,,,,,,,,,,,,,,,,,,,,,,,,,
,,,,,,,,,,,,,,,,,,,,,,,,,
,,,,,,,,,,,,,,,,,,,,,,,,,
,,,,,,,,,,,,,,,,,,,,,,,,,
,,,,,,,,,,,,,,,,,,,,,,,,,
,,,,,,,,,,,,,,,,,,,,,,,,,
,,,,,,,,,,,,,,,,,,,,,,,,,
,,,,,,,,,,,,,,,,,,,,,,,,,
,,,,,,,,,,,,,,,,,,,,,,,,,
,,,,,,,,,,,,,,,,,,,,,,,,,
,,,,,,,,,,,,,,,,,,,,,,,,,
,,,,,,,,,,,,,,,,,,,,,,,,,
,,,,,,,,,,,,,,,,,,,,,,,,,
,,,,,,,,,,,,,,,,,,,,,,,,,
,,,,,,,,,,,,,,,,,,,,,,,,,
,,,,,,,,,,,,,,,,,,,,,,,,,
,,,,,,,,,,,,,,,,,,,,,,,,,
,,,,,,,,,,,,,,,,,,,,,,,,,
,,,,,,,,,,,,,,,,,,,,,,,,,
,,,,,,,,,,,,,,,,,,,,,,,,,
,,,,,,,,,,,,,,,,,,,,,,,,,
,,,,,,,,,,,,,,,,,,,,,,,,,
,,,,,,,,,,,,,,,,,,,,,,,,,
,,,,,,,,,,,,,,,,,,,,,,,,,
,,,,,,,,,,,,,,,,,,,,,,,,,
,,,,,,,,,,,,,,,,,,,,,,,,,
,,,,,,,,,,,,,,,,,,,,,,,,,
,,,,,,,,,,,,,,,,,,,,,,,,,
,,,,,,,,,,,,,,,,,,,,,,,,,
,,,,,,,,,,,,,,,,,,,,,,,,,
,,,,,,,,,,,,,,,,,,,,,,,,,
,,,,,,,,,,,,,,,,,,,,,,,,,
,,,,,,,,,,,,,,,,,,,,,,,,,
,,,,,,,,,,,,,,,,,,,,,,,,,
,,,,,,,,,,,,,,,,,,,,,,,,,
,,,,,,,,,,,,,,,,,,,,,,,,,
,,,,,,,,,,,,,,,,,,,,,,,,,
,,,,,,,,,,,,,,,,,,,,,,,,,
,,,,,,,,,,,,,,,,,,,,,,,,,
,,,,,,,,,,,,,,,,,,,,,,,,,
,,,,,,,,,,,,,,,,,,,,,,,,,
,,,,,,,,,,,,,,,,,,,,,,,,,
,,,,,,,,,,,,,,,,,,,,,,,,,
,,,,,,,,,,,,,,,,,,,,,,,,,
,,,,,,,,,,,,,,,,,,,,,,,,,
,,,,,,,,,,,,,,,,,,,,,,,,,
,,,,,,,,,,,,,,,,,,,,,,,,,
,,,,,,,,,,,,,,,,,,,,,,,,,
,,,,,,,,,,,,,,,,,,,,,,,,,
,,,,,,,,,,,,,,,,,,,,,,,,,
,,,,,,,,,,,,,,,,,,,,,,,,,
,,,,,,,,,,,,,,,,,,,,,,,,,
,,,,,,,,,,,,,,,,,,,,,,,,,
,,,,,,,,,,,,,,,,,,,,,,,,,
,,,,,,,,,,,,,,,,,,,,,,,,,
,,,,,,,,,,,,,,,,,,,,,,,,,
,,,,,,,,,,,,,,,,,,,,,,,,,
,,,,,,,,,,,,,,,,,,,,,,,,,
,,,,,,,,,,,,,,,,,,,,,,,,,
,,,,,,,,,,,,,,,,,,,,,,,,,
,,,,,,,,,,,,,,,,,,,,,,,,,
,,,,,,,,,,,,,,,,,,,,,,,,,
,,,,,,,,,,,,,,,,,,,,,,,,,
,,,,,,,,,,,,,,,,,,,,,,,,,
,,,,,,,,,,,,,,,,,,,,,,,,,
,,,,,,,,,,,,,,,,,,,,,,,,,
,,,,,,,,,,,,,,,,,,,,,,,,,
,,,,,,,,,,,,,,,,,,,,,,,,,
,,,,,,,,,,,,,,,,,,,,,,,,,
,,,,,,,,,,,,,,,,,,,,,,,,,
,,,,,,,,,,,,,,,,,,,,,,,,,
,,,,,,,,,,,,,,,,,,,,,,,,,
,,,,,,,,,,,,,,,,,,,,,,,,,
,,,,,,,,,,,,,,,,,,,,,,,,,
,,,,,,,,,,,,,,,,,,,,,,,,,
,,,,,,,,,,,,,,,,,,,,,,,,,
,,,,,,,,,,,,,,,,,,,,,,,,,
,,,,,,,,,,,,,,,,,,,,,,,,,
,,,,,,,,,,,,,,,,,,,,,,,,,
,,,,,,,,,,,,,,,,,,,,,,,,,
,,,,,,,,,,,,,,,,,,,,,,,,,
,,,,,,,,,,,,,,,,,,,,,,,,,
,,,,,,,,,,,,,,,,,,,,,,,,,
,,,,,,,,,,,,,,,,,,,,,,,,,
,,,,,,,,,,,,,,,,,,,,,,,,,
,,,,,,,,,,,,,,,,,,,,,,,,,
,,,,,,,,,,,,,,,,,,,,,,,,,
,,,,,,,,,,,,,,,,,,,,,,,,,
,,,,,,,,,,,,,,,,,,,,,,,,,
,,,,,,,,,,,,,,,,,,,,,,,,,
,,,,,,,,,,,,,,,,,,,,,,,,,
,,,,,,,,,,,,,,,,,,,,,,,,,
,,,,,,,,,,,,,,,,,,,,,,,,,
,,,,,,,,,,,,,,,,,,,,,,,,,
,,,,,,,,,,,,,,,,,,,,,,,,,
,,,,,,,,,,,,,,,,,,,,,,,,,
,,,,,,,,,,,,,,,,,,,,,,,,,
,,,,,,,,,,,,,,,,,,,,,,,,,
,,,,,,,,,,,,,,,,,,,,,,,,,
,,,,,,,,,,,,,,,,,,,,,,,,,
,,,,,,,,,,,,,,,,,,,,,,,,,
,,,,,,,,,,,,,,,,,,,,,,,,,
,,,,,,,,,,,,,,,,,,,,,,,,,
,,,,,,,,,,,,,,,,,,,,,,,,,
,,,,,,,,,,,,,,,,,,,,,,,,,
,,,,,,,,,,,,,,,,,,,,,,,,,
,,,,,,,,,,,,,,,,,,,,,,,,,
,,,,,,,,,,,,,,,,,,,,,,,,,
,,,,,,,,,,,,,,,,,,,,,,,,,
,,,,,,,,,,,,,,,,,,,,,,,,,
,,,,,,,,,,,,,,,,,,,,,,,,,
,,,,,,,,,,,,,,,,,,,,,,,,,
,,,,,,,,,,,,,,,,,,,,,,,,,
,,,,,,,,,,,,,,,,,,,,,,,,,
,,,,,,,,,,,,,,,,,,,,,,,,,
,,,,,,,,,,,,,,,,,,,,,,,,,
,,,,,,,,,,,,,,,,,,,,,,,,,
,,,,,,,,,,,,,,,,,,,,,,,,,
,,,,,,,,,,,,,,,,,,,,,,,,,
,,,,,,,,,,,,,,,,,,,,,,,,,
,,,,,,,,,,,,,,,,,,,,,,,,,
,,,,,,,,,,,,,,,,,,,,,,,,,
,,,,,,,,,,,,,,,,,,,,,,,,,
,,,,,,,,,,,,,,,,,,,,,,,,,
,,,,,,,,,,,,,,,,,,,,,,,,,
,,,,,,,,,,,,,,,,,,,,,,,,,
,,,,,,,,,,,,,,,,,,,,,,,,,
,,,,,,,,,,,,,,,,,,,,,,,,,
,,,,,,,,,,,,,,,,,,,,,,,,,
,,,,,,,,,,,,,,,,,,,,,,,,,
,,,,,,,,,,,,,,,,,,,,,,,,,
,,,,,,,,,,,,,,,,,,,,,,,,,
,,,,,,,,,,,,,,,,,,,,,,,,,
,,,,,,,,,,,,,,,,,,,,,,,,,
,,,,,,,,,,,,,,,,,,,,,,,,,
,,,,,,,,,,,,,,,,,,,,,,,,,
,,,,,,,,,,,,,,,,,,,,,,,,,
,,,,,,,,,,,,,,,,,,,,,,,,,
,,,,,,,,,,,,,,,,,,,,,,,,,
,,,,,,,,,,,,,,,,,,,,,,,,,
,,,,,,,,,,,,,,,,,,,,,,,,,
,,,,,,,,,,,,,,,,,,,,,,,,,
,,,,,,,,,,,,,,,,,,,,,,,,,
,,,,,,,,,,,,,,,,,,,,,,,,,
,,,,,,,,,,,,,,,,,,,,,,,,,
,,,,,,,,,,,,,,,,,,,,,,,,,
,,,,,,,,,,,,,,,,,,,,,,,,,
,,,,,,,,,,,,,,,,,,,,,,,,,
,,,,,,,,,,,,,,,,,,,,,,,,,
,,,,,,,,,,,,,,,,,,,,,,,,,
,,,,,,,,,,,,,,,,,,,,,,,,,
,,,,,,,,,,,,,,,,,,,,,,,,,
,,,,,,,,,,,,,,,,,,,,,,,,,
,,,,,,,,,,,,,,,,,,,,,,,,,
,,,,,,,,,,,,,,,,,,,,,,,,,
,,,,,,,,,,,,,,,,,,,,,,,,,
,,,,,,,,,,,,,,,,,,,,,,,,,
,,,,,,,,,,,,,,,,,,,,,,,,,
,,,,,,,,,,,,,,,,,,,,,,,,,
,,,,,,,,,,,,,,,,,,,,,,,,,
,,,,,,,,,,,,,,,,,,,,,,,,,
,,,,,,,,,,,,,,,,,,,,,,,,,
,,,,,,,,,,,,,,,,,,,,,,,,,
,,,,,,,,,,,,,,,,,,,,,,,,,
,,,,,,,,,,,,,,,,,,,,,,,,,
,,,,,,,,,,,,,,,,,,,,,,,,,
,,,,,,,,,,,,,,,,,,,,,,,,,
,,,,,,,,,,,,,,,,,,,,,,,,,
,,,,,,,,,,,,,,,,,,,,,,,,,
,,,,,,,,,,,,,,,,,,,,,,,,,
,,,,,,,,,,,,,,,,,,,,,,,,,
,,,,,,,,,,,,,,,,,,,,,,,,,
,,,,,,,,,,,,,,,,,,,,,,,,,
,,,,,,,,,,,,,,,,,,,,,,,,,
,,,,,,,,,,,,,,,,,,,,,,,,,
,,,,,,,,,,,,,,,,,,,,,,,,,
,,,,,,,,,,,,,,,,,,,,,,,,,
,,,,,,,,,,,,,,,,,,,,,,,,,
,,,,,,,,,,,,,,,,,,,,,,,,,
,,,,,,,,,,,,,,,,,,,,,,,,,
,,,,,,,,,,,,,,,,,,,,,,,,,
,,,,,,,,,,,,,,,,,,,,,,,,,
,,,,,,,,,,,,,,,,,,,,,,,,,
,,,,,,,,,,,,,,,,,,,,,,,,,
,,,,,,,,,,,,,,,,,,,,,,,,,
,,,,,,,,,,,,,,,,,,,,,,,,,
,,,,,,,,,,,,,,,,,,,,,,,,,
,,,,,,,,,,,,,,,,,,,,,,,,,
,,,,,,,,,,,,,,,,,,,,,,,,,
,,,,,,,,,,,,,,,,,,,,,,,,,
,,,,,,,,,,,,,,,,,,,,,,,,,
,,,,,,,,,,,,,,,,,,,,,,,,,
,,,,,,,,,,,,,,,,,,,,,,,,,
,,,,,,,,,,,,,,,,,,,,,,,,,
,,,,,,,,,,,,,,,,,,,,,,,,,
,,,,,,,,,,,,,,,,,,,,,,,,,
,,,,,,,,,,,,,,,,,,,,,,,,,
,,,,,,,,,,,,,,,,,,,,,,,,,
,,,,,,,,,,,,,,,,,,,,,,,,,
,,,,,,,,,,,,,,,,,,,,,,,,,
,,,,,,,,,,,,,,,,,,,,,,,,,
,,,,,,,,,,,,,,,,,,,,,,,,,
,,,,,,,,,,,,,,,,,,,,,,,,,
,,,,,,,,,,,,,,,,,,,,,,,,,
,,,,,,,,,,,,,,,,,,,,,,,,,
,,,,,,,,,,,,,,,,,,,,,,,,,
,,,,,,,,,,,,,,,,,,,,,,,,,
,,,,,,,,,,,,,,,,,,,,,,,,,
,,,,,,,,,,,,,,,,,,,,,,,,,
,,,,,,,,,,,,,,,,,,,,,,,,,
,,,,,,,,,,,,,,,,,,,,,,,,,
,,,,,,,,,,,,,,,,,,,,,,,,,
,,,,,,,,,,,,,,,,,,,,,,,,,
,,,,,,,,,,,,,,,,,,,,,,,,,
,,,,,,,,,,,,,,,,,,,,,,,,,
,,,,,,,,,,,,,,,,,,,,,,,,,
,,,,,,,,,,,,,,,,,,,,,,,,,
,,,,,,,,,,,,,,,,,,,,,,,,,
,,,,,,,,,,,,,,,,,,,,,,,,,
,,,,,,,,,,,,,,,,,,,,,,,,,
,,,,,,,,,,,,,,,,,,,,,,,,,
,,,,,,,,,,,,,,,,,,,,,,,,,
,,,,,,,,,,,,,,,,,,,,,,,,,
,,,,,,,,,,,,,,,,,,,,,,,,,
,,,,,,,,,,,,,,,,,,,,,,,,,
,,,,,,,,,,,,,,,,,,,,,,,,,
,,,,,,,,,,,,,,,,,,,,,,,,,
,,,,,,,,,,,,,,,,,,,,,,,,,
,,,,,,,,,,,,,,,,,,,,,,,,,
,,,,,,,,,,,,,,,,,,,,,,,,,
,,,,,,,,,,,,,,,,,,,,,,,,,
,,,,,,,,,,,,,,,,,,,,,,,,,
,,,,,,,,,,,,,,,,,,,,,,,,,
,,,,,,,,,,,,,,,,,,,,,,,,,
,,,,,,,,,,,,,,,,,,,,,,,,,
,,,,,,,,,,,,,,,,,,,,,,,,,
,,,,,,,,,,,,,,,,,,,,,,,,,
,,,,,,,,,,,,,,,,,,,,,,,,,
,,,,,,,,,,,,,,,,,,,,,,,,,
,,,,,,,,,,,,,,,,,,,,,,,,,
,,,,,,,,,,,,,,,,,,,,,,,,,
,,,,,,,,,,,,,,,,,,,,,,,,,
,,,,,,,,,,,,,,,,,,,,,,,,,
,,,,,,,,,,,,,,,,,,,,,,,,,
,,,,,,,,,,,,,,,,,,,,,,,,,
,,,,,,,,,,,,,,,,,,,,,,,,,
,,,,,,,,,,,,,,,,,,,,,,,,,
,,,,,,,,,,,,,,,,,,,,,,,,,
,,,,,,,,,,,,,,,,,,,,,,,,,
,,,,,,,,,,,,,,,,,,,,,,,,,
,,,,,,,,,,,,,,,,,,,,,,,,,
,,,,,,,,,,,,,,,,,,,,,,,,,
,,,,,,,,,,,,,,,,,,,,,,,,,
,,,,,,,,,,,,,,,,,,,,,,,,,
,,,,,,,,,,,,,,,,,,,,,,,,,
,,,,,,,,,,,,,,,,,,,,,,,,,
,,,,,,,,,,,,,,,,,,,,,,,,,
,,,,,,,,,,,,,,,,,,,,,,,,,
,,,,,,,,,,,,,,,,,,,,,,,,,
,,,,,,,,,,,,,,,,,,,,,,,,,
,,,,,,,,,,,,,,,,,,,,,,,,,
,,,,,,,,,,,,,,,,,,,,,,,,,
,,,,,,,,,,,,,,,,,,,,,,,,,
,,,,,,,,,,,,,,,,,,,,,,,,,
,,,,,,,,,,,,,,,,,,,,,,,,,
,,,,,,,,,,,,,,,,,,,,,,,,,
,,,,,,,,,,,,,,,,,,,,,,,,,
,,,,,,,,,,,,,,,,,,,,,,,,,
,,,,,,,,,,,,,,,,,,,,,,,,,
,,,,,,,,,,,,,,,,,,,,,,,,,
,,,,,,,,,,,,,,,,,,,,,,,,,
,,,,,,,,,,,,,,,,,,,,,,,,,
,,,,,,,,,,,,,,,,,,,,,,,,,
,,,,,,,,,,,,,,,,,,,,,,,,,
,,,,,,,,,,,,,,,,,,,,,,,,,
,,,,,,,,,,,,,,,,,,,,,,,,,
,,,,,,,,,,,,,,,,,,,,,,,,,
,,,,,,,,,,,,,,,,,,,,,,,,,
,,,,,,,,,,,,,,,,,,,,,,,,,
,,,,,,,,,,,,,,,,,,,,,,,,,
,,,,,,,,,,,,,,,,,,,,,,,,,
,,,,,,,,,,,,,,,,,,,,,,,,,
,,,,,,,,,,,,,,,,,,,,,,,,,
,,,,,,,,,,,,,,,,,,,,,,,,,
,,,,,,,,,,,,,,,,,,,,,,,,,
,,,,,,,,,,,,,,,,,,,,,,,,,
,,,,,,,,,,,,,,,,,,,,,,,,,
,,,,,,,,,,,,,,,,,,,,,,,,,
,,,,,,,,,,,,,,,,,,,,,,,,,
,,,,,,,,,,,,,,,,,,,,,,,,,
,,,,,,,,,,,,,,,,,,,,,,,,,
,,,,,,,,,,,,,,,,,,,,,,,,,
,,,,,,,,,,,,,,,,,,,,,,,,,
,,,,,,,,,,,,,,,,,,,,,,,,,
,,,,,,,,,,,,,,,,,,,,,,,,,
,,,,,,,,,,,,,,,,,,,,,,,,,
,,,,,,,,,,,,,,,,,,,,,,,,,
,,,,,,,,,,,,,,,,,,,,,,,,,
,,,,,,,,,,,,,,,,,,,,,,,,,
,,,,,,,,,,,,,,,,,,,,,,,,,
,,,,,,,,,,,,,,,,,,,,,,,,,
,,,,,,,,,,,,,,,,,,,,,,,,,
,,,,,,,,,,,,,,,,,,,,,,,,,
,,,,,,,,,,,,,,,,,,,,,,,,,
,,,,,,,,,,,,,,,,,,,,,,,,,
,,,,,,,,,,,,,,,,,,,,,,,,,
,,,,,,,,,,,,,,,,,,,,,,,,,
,,,,,,,,,,,,,,,,,,,,,,,,,
,,,,,,,,,,,,,,,,,,,,,,,,,
,,,,,,,,,,,,,,,,,,,,,,,,,
,,,,,,,,,,,,,,,,,,,,,,,,,
,,,,,,,,,,,,,,,,,,,,,,,,,
,,,,,,,,,,,,,,,,,,,,,,,,,
,,,,,,,,,,,,,,,,,,,,,,,,,
,,,,,,,,,,,,,,,,,,,,,,,,,
,,,,,,,,,,,,,,,,,,,,,,,,,
,,,,,,,,,,,,,,,,,,,,,,,,,
,,,,,,,,,,,,,,,,,,,,,,,,,
,,,,,,,,,,,,,,,,,,,,,,,,,
,,,,,,,,,,,,,,,,,,,,,,,,,
,,,,,,,,,,,,,,,,,,,,,,,,,
,,,,,,,,,,,,,,,,,,,,,,,,,
,,,,,,,,,,,,,,,,,,,,,,,,,
,,,,,,,,,,,,,,,,,,,,,,,,,
,,,,,,,,,,,,,,,,,,,,,,,,,
,,,,,,,,,,,,,,,,,,,,,,,,,
,,,,,,,,,,,,,,,,,,,,,,,,,
,,,,,,,,,,,,,,,,,,,,,,,,,
,,,,,,,,,,,,,,,,,,,,,,,,,
,,,,,,,,,,,,,,,,,,,,,,,,,
,,,,,,,,,,,,,,,,,,,,,,,,,
,,,,,,,,,,,,,,,,,,,,,,,,,
,,,,,,,,,,,,,,,,,,,,,,,,,
,,,,,,,,,,,,,,,,,,,,,,,,,
,,,,,,,,,,,,,,,,,,,,,,,,,
,,,,,,,,,,,,,,,,,,,,,,,,,
,,,,,,,,,,,,,,,,,,,,,,,,,
,,,,,,,,,,,,,,,,,,,,,,,,,
,,,,,,,,,,,,,,,,,,,,,,,,,
,,,,,,,,,,,,,,,,,,,,,,,,,
,,,,,,,,,,,,,,,,,,,,,,,,,
,,,,,,,,,,,,,,,,,,,,,,,,,
,,,,,,,,,,,,,,,,,,,,,,,,,
,,,,,,,,,,,,,,,,,,,,,,,,,
,,,,,,,,,,,,,,,,,,,,,,,,,
,,,,,,,,,,,,,,,,,,,,,,,,,
,,,,,,,,,,,,,,,,,,,,,,,,,
,,,,,,,,,,,,,,,,,,,,,,,,,
,,,,,,,,,,,,,,,,,,,,,,,,,
,,,,,,,,,,,,,,,,,,,,,,,,,
,,,,,,,,,,,,,,,,,,,,,,,,,
,,,,,,,,,,,,,,,,,,,,,,,,,
,,,,,,,,,,,,,,,,,,,,,,,,,
,,,,,,,,,,,,,,,,,,,,,,,,,
,,,,,,,,,,,,,,,,,,,,,,,,,
,,,,,,,,,,,,,,,,,,,,,,,,,
,,,,,,,,,,,,,,,,,,,,,,,,,
,,,,,,,,,,,,,,,,,,,,,,,,,
,,,,,,,,,,,,,,,,,,,,,,,,,
,,,,,,,,,,,,,,,,,,,,,,,,,
,,,,,,,,,,,,,,,,,,,,,,,,,
,,,,,,,,,,,,,,,,,,,,,,,,,
,,,,,,,,,,,,,,,,,,,,,,,,,
,,,,,,,,,,,,,,,,,,,,,,,,,
,,,,,,,,,,,,,,,,,,,,,,,,,
,,,,,,,,,,,,,,,,,,,,,,,,,
,,,,,,,,,,,,,,,,,,,,,,,,,
,,,,,,,,,,,,,,,,,,,,,,,,,
,,,,,,,,,,,,,,,,,,,,,,,,,
,,,,,,,,,,,,,,,,,,,,,,,,,
,,,,,,,,,,,,,,,,,,,,,,,,,
,,,,,,,,,,,,,,,,,,,,,,,,,
,,,,,,,,,,,,,,,,,,,,,,,,,
,,,,,,,,,,,,,,,,,,,,,,,,,
,,,,,,,,,,,,,,,,,,,,,,,,,
,,,,,,,,,,,,,,,,,,,,,,,,,
,,,,,,,,,,,,,,,,,,,,,,,,,
,,,,,,,,,,,,,,,,,,,,,,,,,
,,,,,,,,,,,,,,,,,,,,,,,,,
,,,,,,,,,,,,,,,,,,,,,,,,,
,,,,,,,,,,,,,,,,,,,,,,,,,
,,,,,,,,,,,,,,,,,,,,,,,,,
,,,,,,,,,,,,,,,,,,,,,,,,,
,,,,,,,,,,,,,,,,,,,,,,,,,
,,,,,,,,,,,,,,,,,,,,,,,,,
,,,,,,,,,,,,,,,,,,,,,,,,,
,,,,,,,,,,,,,,,,,,,,,,,,,
,,,,,,,,,,,,,,,,,,,,,,,,,
,,,,,,,,,,,,,,,,,,,,,,,,,
,,,,,,,,,,,,,,,,,,,,,,,,,
,,,,,,,,,,,,,,,,,,,,,,,,,
,,,,,,,,,,,,,,,,,,,,,,,,,
,,,,,,,,,,,,,,,,,,,,,,,,,
,,,,,,,,,,,,,,,,,,,,,,,,,
,,,,,,,,,,,,,,,,,,,,,,,,,
,,,,,,,,,,,,,,,,,,,,,,,,,
,,,,,,,,,,,,,,,,,,,,,,,,,
,,,,,,,,,,,,,,,,,,,,,,,,,
,,,,,,,,,,,,,,,,,,,,,,,,,
,,,,,,,,,,,,,,,,,,,,,,,,,
,,,,,,,,,,,,,,,,,,,,,,,,,
,,,,,,,,,,,,,,,,,,,,,,,,,
,,,,,,,,,,,,,,,,,,,,,,,,,
,,,,,,,,,,,,,,,,,,,,,,,,,
,,,,,,,,,,,,,,,,,,,,,,,,,
,,,,,,,,,,,,,,,,,,,,,,,,,
,,,,,,,,,,,,,,,,,,,,,,,,,
,,,,,,,,,,,,,,,,,,,,,,,,,
,,,,,,,,,,,,,,,,,,,,,,,,,
,,,,,,,,,,,,,,,,,,,,,,,,,
,,,,,,,,,,,,,,,,,,,,,,,,,
,,,,,,,,,,,,,,,,,,,,,,,,,
,,,,,,,,,,,,,,,,,,,,,,,,,
,,,,,,,,,,,,,,,,,,,,,,,,,
,,,,,,,,,,,,,,,,,,,,,,,,,
,,,,,,,,,,,,,,,,,,,,,,,,,
,,,,,,,,,,,,,,,,,,,,,,,,,
,,,,,,,,,,,,,,,,,,,,,,,,,
,,,,,,,,,,,,,,,,,,,,,,,,,
,,,,,,,,,,,,,,,,,,,,,,,,,
,,,,,,,,,,,,,,,,,,,,,,,,,
,,,,,,,,,,,,,,,,,,,,,,,,,
,,,,,,,,,,,,,,,,,,,,,,,,,
,,,,,,,,,,,,,,,,,,,,,,,,,
,,,,,,,,,,,,,,,,,,,,,,,,,
,,,,,,,,,,,,,,,,,,,,,,,,,
,,,,,,,,,,,,,,,,,,,,,,,,,
,,,,,,,,,,,,,,,,,,,,,,,,,
,,,,,,,,,,,,,,,,,,,,,,,,,
,,,,,,,,,,,,,,,,,,,,,,,,,
,,,,,,,,,,,,,,,,,,,,,,,,,
,,,,,,,,,,,,,,,,,,,,,,,,,
,,,,,,,,,,,,,,,,,,,,,,,,,
,,,,,,,,,,,,,,,,,,,,,,,,,
,,,,,,,,,,,,,,,,,,,,,,,,,
,,,,,,,,,,,,,,,,,,,,,,,,,
,,,,,,,,,,,,,,,,,,,,,,,,,
,,,,,,,,,,,,,,,,,,,,,,,,,
,,,,,,,,,,,,,,,,,,,,,,,,,
,,,,,,,,,,,,,,,,,,,,,,,,,
,,,,,,,,,,,,,,,,,,,,,,,,,
,,,,,,,,,,,,,,,,,,,,,,,,,
,,,,,,,,,,,,,,,,,,,,,,,,,
,,,,,,,,,,,,,,,,,,,,,,,,,
,,,,,,,,,,,,,,,,,,,,,,,,,
,,,,,,,,,,,,,,,,,,,,,,,,,
,,,,,,,,,,,,,,,,,,,,,,,,,
,,,,,,,,,,,,,,,,,,,,,,,,,
,,,,,,,,,,,,,,,,,,,,,,,,,
,,,,,,,,,,,,,,,,,,,,,,,,,
,,,,,,,,,,,,,,,,,,,,,,,,,
,,,,,,,,,,,,,,,,,,,,,,,,,
,,,,,,,,,,,,,,,,,,,,,,,,,
,,,,,,,,,,,,,,,,,,,,,,,,,
,,,,,,,,,,,,,,,,,,,,,,,,,
,,,,,,,,,,,,,,,,,,,,,,,,,
,,,,,,,,,,,,,,,,,,,,,,,,,
,,,,,,,,,,,,,,,,,,,,,,,,,
,,,,,,,,,,,,,,,,,,,,,,,,,
,,,,,,,,,,,,,,,,,,,,,,,,,
,,,,,,,,,,,,,,,,,,,,,,,,,
,,,,,,,,,,,,,,,,,,,,,,,,,
,,,,,,,,,,,,,,,,,,,,,,,,,
,,,,,,,,,,,,,,,,,,,,,,,,,
,,,,,,,,,,,,,,,,,,,,,,,,,
,,,,,,,,,,,,,,,,,,,,,,,,,
,,,,,,,,,,,,,,,,,,,,,,,,,
,,,,,,,,,,,,,,,,,,,,,,,,,
,,,,,,,,,,,,,,,,,,,,,,,,,
,,,,,,,,,,,,,,,,,,,,,,,,,
,,,,,,,,,,,,,,,,,,,,,,,,,
,,,,,,,,,,,,,,,,,,,,,,,,,
,,,,,,,,,,,,,,,,,,,,,,,,,
,,,,,,,,,,,,,,,,,,,,,,,,,
,,,,,,,,,,,,,,,,,,,,,,,,,
,,,,,,,,,,,,,,,,,,,,,,,,,
,,,,,,,,,,,,,,,,,,,,,,,,,
,,,,,,,,,,,,,,,,,,,,,,,,,
,,,,,,,,,,,,,,,,,,,,,,,,,
,,,,,,,,,,,,,,,,,,,,,,,,,
,,,,,,,,,,,,,,,,,,,,,,,,,
,,,,,,,,,,,,,,,,,,,,,,,,,
,,,,,,,,,,,,,,,,,,,,,,,,,
,,,,,,,,,,,,,,,,,,,,,,,,,
,,,,,,,,,,,,,,,,,,,,,,,,,
,,,,,,,,,,,,,,,,,,,,,,,,,
,,,,,,,,,,,,,,,,,,,,,,,,,
,,,,,,,,,,,,,,,,,,,,,,,,,
,,,,,,,,,,,,,,,,,,,,,,,,,
,,,,,,,,,,,,,,,,,,,,,,,,,
,,,,,,,,,,,,,,,,,,,,,,,,,
,,,,,,,,,,,,,,,,,,,,,,,,,
,,,,,,,,,,,,,,,,,,,,,,,,,
,,,,,,,,,,,,,,,,,,,,,,,,,
,,,,,,,,,,,,,,,,,,,,,,,,,
,,,,,,,,,,,,,,,,,,,,,,,,,
,,,,,,,,,,,,,,,,,,,,,,,,,
,,,,,,,,,,,,,,,,,,,,,,,,,
,,,,,,,,,,,,,,,,,,,,,,,,,
,,,,,,,,,,,,,,,,,,,,,,,,,
,,,,,,,,,,,,,,,,,,,,,,,,,
,,,,,,,,,,,,,,,,,,,,,,,,,
,,,,,,,,,,,,,,,,,,,,,,,,,
,,,,,,,,,,,,,,,,,,,,,,,,,
,,,,,,,,,,,,,,,,,,,,,,,,,
,,,,,,,,,,,,,,,,,,,,,,,,,
,,,,,,,,,,,,,,,,,,,,,,,,,
,,,,,,,,,,,,,,,,,,,,,,,,,
,,,,,,,,,,,,,,,,,,,,,,,,,
,,,,,,,,,,,,,,,,,,,,,,,,,
,,,,,,,,,,,,,,,,,,,,,,,,,
,,,,,,,,,,,,,,,,,,,,,,,,,
,,,,,,,,,,,,,,,,,,,,,,,,,
,,,,,,,,,,,,,,,,,,,,,,,,,
,,,,,,,,,,,,,,,,,,,,,,,,,
,,,,,,,,,,,,,,,,,,,,,,,,,
,,,,,,,,,,,,,,,,,,,,,,,,,
,,,,,,,,,,,,,,,,,,,,,,,,,
,,,,,,,,,,,,,,,,,,,,,,,,,
,,,,,,,,,,,,,,,,,,,,,,,,,
,,,,,,,,,,,,,,,,,,,,,,,,,
,,,,,,,,,,,,,,,,,,,,,,,,,
,,,,,,,,,,,,,,,,,,,,,,,,,
,,,,,,,,,,,,,,,,,,,,,,,,,
,,,,,,,,,,,,,,,,,,,,,,,,,
,,,,,,,,,,,,,,,,,,,,,,,,,
,,,,,,,,,,,,,,,,,,,,,,,,,
,,,,,,,,,,,,,,,,,,,,,,,,,
,,,,,,,,,,,,,,,,,,,,,,,,,
,,,,,,,,,,,,,,,,,,,,,,,,,
,,,,,,,,,,,,,,,,,,,,,,,,,
,,,,,,,,,,,,,,,,,,,,,,,,,
,,,,,,,,,,,,,,,,,,,,,,,,,
,,,,,,,,,,,,,,,,,,,,,,,,,
,,,,,,,,,,,,,,,,,,,,,,,,,
,,,,,,,,,,,,,,,,,,,,,,,,,
,,,,,,,,,,,,,,,,,,,,,,,,,
,,,,,,,,,,,,,,,,,,,,,,,,,
,,,,,,,,,,,,,,,,,,,,,,,,,
,,,,,,,,,,,,,,,,,,,,,,,,,
,,,,,,,,,,,,,,,,,,,,,,,,,
,,,,,,,,,,,,,,,,,,,,,,,,,
,,,,,,,,,,,,,,,,,,,,,,,,,
,,,,,,,,,,,,,,,,,,,,,,,,,
,,,,,,,,,,,,,,,,,,,,,,,,,
,,,,,,,,,,,,,,,,,,,,,,,,,
,,,,,,,,,,,,,,,,,,,,,,,,,
,,,,,,,,,,,,,,,,,,,,,,,,,
,,,,,,,,,,,,,,,,,,,,,,,,,
,,,,,,,,,,,,,,,,,,,,,,,,,
,,,,,,,,,,,,,,,,,,,,,,,,,
,,,,,,,,,,,,,,,,,,,,,,,,,
,,,,,,,,,,,,,,,,,,,,,,,,,
,,,,,,,,,,,,,,,,,,,,,,,,,
,,,,,,,,,,,,,,,,,,,,,,,,,
,,,,,,,,,,,,,,,,,,,,,,,,,
,,,,,,,,,,,,,,,,,,,,,,,,,
,,,,,,,,,,,,,,,,,,,,,,,,,
,,,,,,,,,,,,,,,,,,,,,,,,,
,,,,,,,,,,,,,,,,,,,,,,,,,
,,,,,,,,,,,,,,,,,,,,,,,,,
,,,,,,,,,,,,,,,,,,,,,,,,,
,,,,,,,,,,,,,,,,,,,,,,,,,
,,,,,,,,,,,,,,,,,,,,,,,,,
,,,,,,,,,,,,,,,,,,,,,,,,,
,,,,,,,,,,,,,,,,,,,,,,,,,
,,,,,,,,,,,,,,,,,,,,,,,,,
,,,,,,,,,,,,,,,,,,,,,,,,,
,,,,,,,,,,,,,,,,,,,,,,,,,
,,,,,,,,,,,,,,,,,,,,,,,,,
,,,,,,,,,,,,,,,,,,,,,,,,,
,,,,,,,,,,,,,,,,,,,,,,,,,
,,,,,,,,,,,,,,,,,,,,,,,,,
,,,,,,,,,,,,,,,,,,,,,,,,,
,,,,,,,,,,,,,,,,,,,,,,,,,
,,,,,,,,,,,,,,,,,,,,,,,,,
,,,,,,,,,,,,,,,,,,,,,,,,,
,,,,,,,,,,,,,,,,,,,,,,,,,
,,,,,,,,,,,,,,,,,,,,,,,,,
,,,,,,,,,,,,,,,,,,,,,,,,,
,,,,,,,,,,,,,,,,,,,,,,,,,
,,,,,,,,,,,,,,,,,,,,,,,,,
,,,,,,,,,,,,,,,,,,,,,,,,,
,,,,,,,,,,,,,,,,,,,,,,,,,
,,,,,,,,,,,,,,,,,,,,,,,,,
,,,,,,,,,,,,,,,,,,,,,,,,,
,,,,,,,,,,,,,,,,,,,,,,,,,
,,,,,,,,,,,,,,,,,,,,,,,,,
,,,,,,,,,,,,,,,,,,,,,,,,,
,,,,,,,,,,,,,,,,,,,,,,,,,
,,,,,,,,,,,,,,,,,,,,,,,,,
,,,,,,,,,,,,,,,,,,,,,,,,,
,,,,,,,,,,,,,,,,,,,,,,,,,
,,,,,,,,,,,,,,,,,,,,,,,,,
,,,,,,,,,,,,,,,,,,,,,,,,,
,,,,,,,,,,,,,,,,,,,,,,,,,
,,,,,,,,,,,,,,,,,,,,,,,,,
,,,,,,,,,,,,,,,,,,,,,,,,,
,,,,,,,,,,,,,,,,,,,,,,,,,
,,,,,,,,,,,,,,,,,,,,,,,,,
,,,,,,,,,,,,,,,,,,,,,,,,,
,,,,,,,,,,,,,,,,,,,,,,,,,
,,,,,,,,,,,,,,,,,,,,,,,,,
,,,,,,,,,,,,,,,,,,,,,,,,,
,,,,,,,,,,,,,,,,,,,,,,,,,
,,,,,,,,,,,,,,,,,,,,,,,,,
,,,,,,,,,,,,,,,,,,,,,,,,,
,,,,,,,,,,,,,,,,,,,,,,,,,
,,,,,,,,,,,,,,,,,,,,,,,,,
,,,,,,,,,,,,,,,,,,,,,,,,,
,,,,,,,,,,,,,,,,,,,,,,,,,
,,,,,,,,,,,,,,,,,,,,,,,,,
,,,,,,,,,,,,,,,,,,,,,,,,,
,,,,,,,,,,,,,,,,,,,,,,,,,
,,,,,,,,,,,,,,,,,,,,,,,,,
,,,,,,,,,,,,,,,,,,,,,,,,,
,,,,,,,,,,,,,,,,,,,,,,,,,
,,,,,,,,,,,,,,,,,,,,,,,,,
,,,,,,,,,,,,,,,,,,,,,,,,,
,,,,,,,,,,,,,,,,,,,,,,,,,
,,,,,,,,,,,,,,,,,,,,,,,,,
,,,,,,,,,,,,,,,,,,,,,,,,,
,,,,,,,,,,,,,,,,,,,,,,,,,
,,,,,,,,,,,,,,,,,,,,,,,,,
,,,,,,,,,,,,,,,,,,,,,,,,,
,,,,,,,,,,,,,,,,,,,,,,,,,
,,,,,,,,,,,,,,,,,,,,,,,,,
,,,,,,,,,,,,,,,,,,,,,,,,,
,,,,,,,,,,,,,,,,,,,,,,,,,
,,,,,,,,,,,,,,,,,,,,,,,,,
,,,,,,,,,,,,,,,,,,,,,,,,,
,,,,,,,,,,,,,,,,,,,,,,,,,
,,,,,,,,,,,,,,,,,,,,,,,,,
,,,,,,,,,,,,,,,,,,,,,,,,,
,,,,,,,,,,,,,,,,,,,,,,,,,
,,,,,,,,,,,,,,,,,,,,,,,,,
,,,,,,,,,,,,,,,,,,,,,,,,,
,,,,,,,,,,,,,,,,,,,,,,,,,
,,,,,,,,,,,,,,,,,,,,,,,,,
,,,,,,,,,,,,,,,,,,,,,,,,,
,,,,,,,,,,,,,,,,,,,,,,,,,
,,,,,,,,,,,,,,,,,,,,,,,,,
,,,,,,,,,,,,,,,,,,,,,,,,,
,,,,,,,,,,,,,,,,,,,,,,,,,
,,,,,,,,,,,,,,,,,,,,,,,,,
,,,,,,,,,,,,,,,,,,,,,,,,,
,,,,,,,,,,,,,,,,,,,,,,,,,
,,,,,,,,,,,,,,,,,,,,,,,,,
,,,,,,,,,,,,,,,,,,,,,,,,,
,,,,,,,,,,,,,,,,,,,,,,,,,
,,,,,,,,,,,,,,,,,,,,,,,,,
,,,,,,,,,,,,,,,,,,,,,,,,,
,,,,,,,,,,,,,,,,,,,,,,,,,
,,,,,,,,,,,,,,,,,,,,,,,,,
,,,,,,,,,,,,,,,,,,,,,,,,,
,,,,,,,,,,,,,,,,,,,,,,,,,
,,,,,,,,,,,,,,,,,,,,,,,,,
,,,,,,,,,,,,,,,,,,,,,,,,,
,,,,,,,,,,,,,,,,,,,,,,,,,
,,,,,,,,,,,,,,,,,,,,,,,,,
,,,,,,,,,,,,,,,,,,,,,,,,,
,,,,,,,,,,,,,,,,,,,,,,,,,
,,,,,,,,,,,,,,,,,,,,,,,,,
,,,,,,,,,,,,,,,,,,,,,,,,,
,,,,,,,,,,,,,,,,,,,,,,,,,
,,,,,,,,,,,,,,,,,,,,,,,,,
,,,,,,,,,,,,,,,,,,,,,,,,,
,,,,,,,,,,,,,,,,,,,,,,,,,
,,,,,,,,,,,,,,,,,,,,,,,,,
,,,,,,,,,,,,,,,,,,,,,,,,,
,,,,,,,,,,,,,,,,,,,,,,,,,
,,,,,,,,,,,,,,,,,,,,,,,,,
,,,,,,,,,,,,,,,,,,,,,,,,,
,,,,,,,,,,,,,,,,,,,,,,,,,
,,,,,,,,,,,,,,,,,,,,,,,,,
,,,,,,,,,,,,,,,,,,,,,,,,,
,,,,,,,,,,,,,,,,,,,,,,,,,
,,,,,,,,,,,,,,,,,,,,,,,,,
,,,,,,,,,,,,,,,,,,,,,,,,,
,,,,,,,,,,,,,,,,,,,,,,,,,
,,,,,,,,,,,,,,,,,,,,,,,,,
,,,,,,,,,,,,,,,,,,,,,,,,,
,,,,,,,,,,,,,,,,,,,,,,,,,
,,,,,,,,,,,,,,,,,,,,,,,,,
,,,,,,,,,,,,,,,,,,,,,,,,,
,,,,,,,,,,,,,,,,,,,,,,,,,
,,,,,,,,,,,,,,,,,,,,,,,,,
,,,,,,,,,,,,,,,,,,,,,,,,,
,,,,,,,,,,,,,,,,,,,,,,,,,
,,,,,,,,,,,,,,,,,,,,,,,,,
,,,,,,,,,,,,,,,,,,,,,,,,,
,,,,,,,,,,,,,,,,,,,,,,,,,
,,,,,,,,,,,,,,,,,,,,,,,,,
,,,,,,,,,,,,,,,,,,,,,,,,,
,,,,,,,,,,,,,,,,,,,,,,,,,
,,,,,,,,,,,,,,,,,,,,,,,,,
,,,,,,,,,,,,,,,,,,,,,,,,,
,,,,,,,,,,,,,,,,,,,,,,,,,
,,,,,,,,,,,,,,,,,,,,,,,,,
,,,,,,,,,,,,,,,,,,,,,,,,,
,,,,,,,,,,,,,,,,,,,,,,,,,
,,,,,,,,,,,,,,,,,,,,,,,,,
,,,,,,,,,,,,,,,,,,,,,,,,,
,,,,,,,,,,,,,,,,,,,,,,,,,
,,,,,,,,,,,,,,,,,,,,,,,,,
,,,,,,,,,,,,,,,,,,,,,,,,,
,,,,,,,,,,,,,,,,,,,,,,,,,
,,,,,,,,,,,,,,,,,,,,,,,,,
,,,,,,,,,,,,,,,,,,,,,,,,,
,,,,,,,,,,,,,,,,,,,,,,,,,
,,,,,,,,,,,,,,,,,,,,,,,,,
,,,,,,,,,,,,,,,,,,,,,,,,,
,,,,,,,,,,,,,,,,,,,,,,,,,
,,,,,,,,,,,,,,,,,,,,,,,,,
,,,,,,,,,,,,,,,,,,,,,,,,,
,,,,,,,,,,,,,,,,,,,,,,,,,
,,,,,,,,,,,,,,,,,,,,,,,,,
,,,,,,,,,,,,,,,,,,,,,,,,,
,,,,,,,,,,,,,,,,,,,,,,,,,
,,,,,,,,,,,,,,,,,,,,,,,,,
,,,,,,,,,,,,,,,,,,,,,,,,,
,,,,,,,,,,,,,,,,,,,,,,,,,
,,,,,,,,,,,,,,,,,,,,,,,,,
,,,,,,,,,,,,,,,,,,,,,,,,,
,,,,,,,,,,,,,,,,,,,,,,,,,
,,,,,,,,,,,,,,,,,,,,,,,,,
,,,,,,,,,,,,,,,,,,,,,,,,,
,,,,,,,,,,,,,,,,,,,,,,,,,
,,,,,,,,,,,,,,,,,,,,,,,,,
,,,,,,,,,,,,,,,,,,,,,,,,,
,,,,,,,,,,,,,,,,,,,,,,,,,
,,,,,,,,,,,,,,,,,,,,,,,,,
,,,,,,,,,,,,,,,,,,,,,,,,,
,,,,,,,,,,,,,,,,,,,,,,,,,
,,,,,,,,,,,,,,,,,,,,,,,,,
,,,,,,,,,,,,,,,,,,,,,,,,,
,,,,,,,,,,,,,,,,,,,,,,,,,
,,,,,,,,,,,,,,,,,,,,,,,,,
,,,,,,,,,,,,,,,,,,,,,,,,,
,,,,,,,,,,,,,,,,,,,,,,,,,
,,,,,,,,,,,,,,,,,,,,,,,,,
,,,,,,,,,,,,,,,,,,,,,,,,,
,,,,,,,,,,,,,,,,,,,,,,,,,
,,,,,,,,,,,,,,,,,,,,,,,,,
,,,,,,,,,,,,,,,,,,,,,,,,,
,,,,,,,,,,,,,,,,,,,,,,,,,
,,,,,,,,,,,,,,,,,,,,,,,,,
,,,,,,,,,,,,,,,,,,,,,,,,,
,,,,,,,,,,,,,,,,,,,,,,,,,
,,,,,,,,,,,,,,,,,,,,,,,,,
,,,,,,,,,,,,,,,,,,,,,,,,,
,,,,,,,,,,,,,,,,,,,,,,,,,
,,,,,,,,,,,,,,,,,,,,,,,,,
,,,,,,,,,,,,,,,,,,,,,,,,,
,,,,,,,,,,,,,,,,,,,,,,,,,
,,,,,,,,,,,,,,,,,,,,,,,,,
,,,,,,,,,,,,,,,,,,,,,,,,,
,,,,,,,,,,,,,,,,,,,,,,,,,
,,,,,,,,,,,,,,,,,,,,,,,,,
,,,,,,,,,,,,,,,,,,,,,,,,,
,,,,,,,,,,,,,,,,,,,,,,,,,
,,,,,,,,,,,,,,,,,,,,,,,,,
,,,,,,,,,,,,,,,,,,,,,,,,,
,,,,,,,,,,,,,,,,,,,,,,,,,
,,,,,,,,,,,,,,,,,,,,,,,,,
,,,,,,,,,,,,,,,,,,,,,,,,,
,,,,,,,,,,,,,,,,,,,,,,,,,
,,,,,,,,,,,,,,,,,,,,,,,,,
,,,,,,,,,,,,,,,,,,,,,,,,,
,,,,,,,,,,,,,,,,,,,,,,,,,
,,,,,,,,,,,,,,,,,,,,,,,,,
,,,,,,,,,,,,,,,,,,,,,,,,,
,,,,,,,,,,,,,,,,,,,,,,,,,
,,,,,,,,,,,,,,,,,,,,,,,,,
,,,,,,,,,,,,,,,,,,,,,,,,,
,,,,,,,,,,,,,,,,,,,,,,,,,
,,,,,,,,,,,,,,,,,,,,,,,,,
,,,,,,,,,,,,,,,,,,,,,,,,,
,,,,,,,,,,,,,,,,,,,,,,,,,
,,,,,,,,,,,,,,,,,,,,,,,,,
,,,,,,,,,,,,,,,,,,,,,,,,,
,,,,,,,,,,,,,,,,,,,,,,,,,
,,,,,,,,,,,,,,,,,,,,,,,,,
,,,,,,,,,,,,,,,,,,,,,,,,,
,,,,,,,,,,,,,,,,,,,,,,,,,
,,,,,,,,,,,,,,,,,,,,,,,,,
,,,,,,,,,,,,,,,,,,,,,,,,,
,,,,,,,,,,,,,,,,,,,,,,,,,
,,,,,,,,,,,,,,,,,,,,,,,,,
,,,,,,,,,,,,,,,,,,,,,,,,,
,,,,,,,,,,,,,,,,,,,,,,,,,
,,,,,,,,,,,,,,,,,,,,,,,,,
,,,,,,,,,,,,,,,,,,,,,,,,,
,,,,,,,,,,,,,,,,,,,,,,,,,
,,,,,,,,,,,,,,,,,,,,,,,,,
,,,,,,,,,,,,,,,,,,,,,,,,,
,,,,,,,,,,,,,,,,,,,,,,,,,
,,,,,,,,,,,,,,,,,,,,,,,,,
,,,,,,,,,,,,,,,,,,,,,,,,,
,,,,,,,,,,,,,,,,,,,,,,,,,
,,,,,,,,,,,,,,,,,,,,,,,,,
,,,,,,,,,,,,,,,,,,,,,,,,,
